-- --------------------------------------------------------
-- Host:                         127.0.0.1
-- Server version:               10.1.35-MariaDB - mariadb.org binary distribution
-- Server OS:                    Win32
-- HeidiSQL Version:             10.1.0.5464
-- --------------------------------------------------------

/*!40101 SET @OLD_CHARACTER_SET_CLIENT=@@CHARACTER_SET_CLIENT */;
/*!40101 SET NAMES utf8 */;
/*!50503 SET NAMES utf8mb4 */;
/*!40014 SET @OLD_FOREIGN_KEY_CHECKS=@@FOREIGN_KEY_CHECKS, FOREIGN_KEY_CHECKS=0 */;
/*!40101 SET @OLD_SQL_MODE=@@SQL_MODE, SQL_MODE='NO_AUTO_VALUE_ON_ZERO' */;


-- Dumping database structure for letsfly
DROP DATABASE IF EXISTS `letsfly`;
CREATE DATABASE IF NOT EXISTS `letsfly` /*!40100 DEFAULT CHARACTER SET latin1 */;
USE `letsfly`;

-- Dumping structure for table letsfly.admin
DROP TABLE IF EXISTS `admin`;
CREATE TABLE IF NOT EXISTS `admin` (
  `id` int(11) NOT NULL AUTO_INCREMENT,
  `username` varchar(50) NOT NULL,
  `password` varchar(255) NOT NULL,
  `admin_type_id` int(10) unsigned NOT NULL,
  `created_at` datetime DEFAULT CURRENT_TIMESTAMP,
  PRIMARY KEY (`id`),
  UNIQUE KEY `username` (`username`),
  KEY `FK_ADMIN_TYPE_ID_idx` (`admin_type_id`),
  CONSTRAINT `FK_ADMIN_TYPE_ID` FOREIGN KEY (`admin_type_id`) REFERENCES `admin_type` (`id`) ON DELETE NO ACTION ON UPDATE NO ACTION
) ENGINE=InnoDB AUTO_INCREMENT=2 DEFAULT CHARSET=latin1;

-- Dumping data for table letsfly.admin: ~0 rows (approximately)
DELETE FROM `admin`;
/*!40000 ALTER TABLE `admin` DISABLE KEYS */;
INSERT INTO `admin` (`id`, `username`, `password`, `admin_type_id`, `created_at`) VALUES
	(1, 'ras.vibpositive@gmail.com', 'eueeu99', 1, '2018-09-05 11:15:23');
/*!40000 ALTER TABLE `admin` ENABLE KEYS */;

-- Dumping structure for table letsfly.admin_type
DROP TABLE IF EXISTS `admin_type`;
CREATE TABLE IF NOT EXISTS `admin_type` (
  `id` int(10) unsigned NOT NULL AUTO_INCREMENT,
  `type` varchar(255) NOT NULL,
  PRIMARY KEY (`id`),
  UNIQUE KEY `id_UNIQUE` (`id`),
  UNIQUE KEY `type_UNIQUE` (`type`)
) ENGINE=InnoDB AUTO_INCREMENT=2 DEFAULT CHARSET=latin1;

-- Dumping data for table letsfly.admin_type: ~0 rows (approximately)
DELETE FROM `admin_type`;
/*!40000 ALTER TABLE `admin_type` DISABLE KEYS */;
INSERT INTO `admin_type` (`id`, `type`) VALUES
	(1, 'admin');
/*!40000 ALTER TABLE `admin_type` ENABLE KEYS */;

-- Dumping structure for table letsfly.currency
DROP TABLE IF EXISTS `currency`;
CREATE TABLE IF NOT EXISTS `currency` (
  `id` int(11) NOT NULL AUTO_INCREMENT,
  `name` varchar(3) COLLATE utf8_unicode_ci NOT NULL,
  `value` varchar(64) COLLATE utf8_unicode_ci NOT NULL,
  PRIMARY KEY (`id`),
  UNIQUE KEY `id_UNIQUE` (`id`)
) ENGINE=InnoDB AUTO_INCREMENT=287 DEFAULT CHARSET=utf8 COLLATE=utf8_unicode_ci;

-- Dumping data for table letsfly.currency: ~286 rows (approximately)
DELETE FROM `currency`;
/*!40000 ALTER TABLE `currency` DISABLE KEYS */;
INSERT INTO `currency` (`id`, `name`, `value`) VALUES
	(1, 'AFA', 'Afegane (1927–2002)'),
	(2, 'AFA', 'Afegane (1927–2002)'),
	(3, 'AFN', 'Afegane afegão'),
	(4, 'MGA', 'Ariary malgaxe'),
	(5, 'ARA', 'Austral argentino'),
	(6, 'THB', 'Baht tailandês'),
	(7, 'PAB', 'Balboa panamenha'),
	(8, 'ETB', 'Birr etíope'),
	(9, 'BOB', 'Boliviano'),
	(10, 'BOL', 'Boliviano (1863–1963)'),
	(11, 'VEF', 'Bolívar venezuelano'),
	(12, 'VEB', 'Bolívar venezuelano (1871–2008)'),
	(13, 'GHC', 'Cedi de Gana (1979–2007)'),
	(14, 'GHS', 'Cedi ganês'),
	(15, 'SVC', 'Colom salvadorenho'),
	(16, 'CRC', 'Colón costarriquenho'),
	(17, 'CSK', 'Coroa Forte checoslovaca'),
	(18, 'ISJ', 'Coroa antiga islandesa'),
	(19, 'DKK', 'Coroa dinamarquesa'),
	(20, 'SKK', 'Coroa eslovaca'),
	(21, 'EEK', 'Coroa estoniana'),
	(22, 'ISK', 'Coroa islandesa'),
	(23, 'NOK', 'Coroa norueguesa'),
	(24, 'SEK', 'Coroa sueca'),
	(25, 'CZK', 'Coroa tcheca'),
	(26, 'BRC', 'Cruzado brasileiro (1986–1989)'),
	(27, 'BRN', 'Cruzado novo brasileiro (1989–1990)'),
	(28, 'BRZ', 'Cruzeiro brasileiro (1942–1967)'),
	(29, 'BRE', 'Cruzeiro brasileiro (1990–1993)'),
	(30, 'BRR', 'Cruzeiro brasileiro (1993–1994)'),
	(31, 'BRB', 'Cruzeiro novo brasileiro (1967–1986)'),
	(32, 'ZMK', 'Cuacha zambiano (1968–2012)'),
	(33, 'AOK', 'Cuanza angolano (1977–1990)'),
	(34, 'AOR', 'Cuanza angolano reajustado (1995–1999)'),
	(35, 'GEK', 'Cupom Lari georgiano'),
	(36, 'MDC', 'Cupon moldávio'),
	(37, 'NIO', 'Córdoba nicaraguense'),
	(38, 'NIC', 'Córdoba nicaraguense (1988–1991)'),
	(39, 'GMD', 'Dalasi gambiano'),
	(40, 'DZD', 'Dinar argelino'),
	(41, 'BHD', 'Dinar bareinita'),
	(42, 'YUN', 'Dinar conversível iugoslavo (1990–1992)'),
	(43, 'HRD', 'Dinar croata'),
	(44, 'BAD', 'Dinar da Bósnia-Herzegovina (1992–1994)'),
	(45, 'YUD', 'Dinar forte iugoslavo (1966–1990)'),
	(46, 'YDD', 'Dinar iemenita'),
	(47, 'IQD', 'Dinar iraquiano'),
	(48, 'JOD', 'Dinar jordaniano'),
	(49, 'KWD', 'Dinar kuwaitiano'),
	(50, 'LYD', 'Dinar líbio'),
	(51, 'MKD', 'Dinar macedônio'),
	(52, 'MKN', 'Dinar macedônio (1992–1993)'),
	(53, 'YUM', 'Dinar noviy iugoslavo (1994–2002)'),
	(54, 'YUR', 'Dinar reformado iugoslavo (1992–1993)'),
	(55, 'SDD', 'Dinar sudanês (1992–2007)'),
	(56, 'RSD', 'Dinar sérvio'),
	(57, 'CSD', 'Dinar sérvio (2002–2006)'),
	(58, 'TND', 'Dinar tunisiano'),
	(59, 'AED', 'Dirrã dos Emirados Árabes Unidos'),
	(60, 'MAD', 'Dirrã marroquino'),
	(61, 'STD', 'Dobra de São Tomé e Príncipe'),
	(62, 'VND', 'Dong vietnamita'),
	(63, 'VNN', 'Dong vietnamita (1978–1985)'),
	(64, 'GRD', 'Dracma grego'),
	(65, 'AMD', 'Dram armênio'),
	(66, 'USD', 'Dólar americano'),
	(67, 'AUD', 'Dólar australiano'),
	(68, 'BSD', 'Dólar bahamense'),
	(69, 'BBD', 'Dólar barbadense'),
	(70, 'BZD', 'Dólar belizenho'),
	(71, 'BMD', 'Dólar bermudense'),
	(72, 'BND', 'Dólar bruneano'),
	(73, 'CAD', 'Dólar canadense'),
	(74, 'KYD', 'Dólar das Ilhas Caiman'),
	(75, 'SBD', 'Dólar das Ilhas Salomão'),
	(76, 'HKD', 'Dólar de Hong Kong'),
	(77, 'TTD', 'Dólar de Trinidad e Tobago'),
	(78, 'CNX', 'Dólar do Banco Popular da China'),
	(79, 'XCD', 'Dólar do Caribe Oriental'),
	(80, 'ZWD', 'Dólar do Zimbábue (1980–2008)'),
	(81, 'ZWR', 'Dólar do Zimbábue (2008)'),
	(82, 'ZWL', 'Dólar do Zimbábue (2009)'),
	(83, 'FJD', 'Dólar fijiano'),
	(84, 'GYD', 'Dólar guianense'),
	(85, 'JMD', 'Dólar jamaicano'),
	(86, 'LRD', 'Dólar liberiano'),
	(87, 'NAD', 'Dólar namibiano'),
	(88, 'NZD', 'Dólar neozelandês'),
	(89, 'USN', 'Dólar norte-americano (Dia seguinte)'),
	(90, 'USS', 'Dólar norte-americano (Mesmo dia)'),
	(91, 'RHD', 'Dólar rodesiano'),
	(92, 'SGD', 'Dólar singapuriano'),
	(93, 'SRD', 'Dólar surinamês'),
	(94, 'GQE', 'Ekwele da Guiné Equatorial'),
	(95, 'CVE', 'Escudo cabo-verdiano'),
	(96, 'CLE', 'Escudo chileno'),
	(97, 'GWE', 'Escudo da Guiné Portuguesa'),
	(98, 'MZE', 'Escudo de Moçambique'),
	(99, 'PTE', 'Escudo português'),
	(100, 'TPE', 'Escudo timorense'),
	(101, 'EUR', 'Euro'),
	(102, 'CHE', 'Euro WIR'),
	(103, 'AWG', 'Florim arubano'),
	(104, 'ANG', 'Florim das Antilhas Holandesas'),
	(105, 'SRG', 'Florim do Suriname'),
	(106, 'NLG', 'Florim holandês'),
	(107, 'HUF', 'Forint húngaro'),
	(108, 'XOF', 'Franco CFA de BCEAO'),
	(109, 'XAF', 'Franco CFA de BEAC'),
	(110, 'XPF', 'Franco CFP'),
	(111, 'XFU', 'Franco UIC francês'),
	(112, 'CHW', 'Franco WIR'),
	(113, 'BEF', 'Franco belga'),
	(114, 'BEC', 'Franco belga (conversível)'),
	(115, 'BEL', 'Franco belga (financeiro)'),
	(116, 'BIF', 'Franco burundiano'),
	(117, 'KMF', 'Franco comorense'),
	(118, 'CDF', 'Franco congolês'),
	(119, 'LUC', 'Franco conversível de Luxemburgo'),
	(120, 'MGF', 'Franco de Madagascar'),
	(121, 'MLF', 'Franco de Mali'),
	(122, 'DJF', 'Franco djibutiense'),
	(123, 'LUL', 'Franco financeiro de Luxemburgo'),
	(124, 'FRF', 'Franco francês'),
	(125, 'GNF', 'Franco guineano'),
	(126, 'LUF', 'Franco luxemburguês'),
	(127, 'MAF', 'Franco marroquino'),
	(128, 'MCF', 'Franco monegasco'),
	(129, 'RWF', 'Franco ruandês'),
	(130, 'CHF', 'Franco suíço'),
	(131, 'XFO', 'Franco-ouro francês'),
	(132, 'XRE', 'Fundos RINET'),
	(133, 'HTG', 'Gourde haitiano'),
	(134, 'PYG', 'Guarani paraguaio'),
	(135, 'UAH', 'Hryvnia ucraniano'),
	(136, 'KRH', 'Hwan da Coreia do Sul (1953–1962)'),
	(137, 'JPY', 'Iene japonês'),
	(138, 'PEI', 'Inti peruano'),
	(139, 'UAK', 'Karbovanetz ucraniano'),
	(140, 'PGK', 'Kina papuásia'),
	(141, 'LAK', 'Kip laosiano'),
	(142, 'HRK', 'Kuna croata'),
	(143, 'MWK', 'Kwacha malawiana'),
	(144, 'ZMW', 'Kwacha zambiano'),
	(145, 'AOA', 'Kwanza angolano'),
	(146, 'BUK', 'Kyat birmanês'),
	(147, 'MMK', 'Kyat mianmarense'),
	(148, 'GEL', 'Lari georgiano'),
	(149, 'LVL', 'Lats letão'),
	(150, 'ALK', 'Lek Albanês (1946–1965)'),
	(151, 'ALL', 'Lek albanês'),
	(152, 'HNL', 'Lempira hondurenha'),
	(153, 'SLL', 'Leone de Serra Leoa'),
	(154, 'MDL', 'Leu moldávio'),
	(155, 'RON', 'Leu romeno'),
	(156, 'ROL', 'Leu romeno (1952–2006)'),
	(157, 'BGN', 'Lev búlgaro'),
	(158, 'BGO', 'Lev búlgaro (1879–1952)'),
	(159, 'BGL', 'Lev forte búlgaro'),
	(160, 'BGM', 'Lev socialista búlgaro'),
	(161, 'GBP', 'Libra britânica'),
	(162, 'CYP', 'Libra cipriota'),
	(163, 'GIP', 'Libra de Gibraltar'),
	(164, 'SHP', 'Libra de Santa Helena'),
	(165, 'EGP', 'Libra egípcia'),
	(166, 'IEP', 'Libra irlandesa'),
	(167, 'ILP', 'Libra israelita'),
	(168, 'LBP', 'Libra libanesa'),
	(169, 'MTP', 'Libra maltesa'),
	(170, 'FKP', 'Libra malvinense'),
	(171, 'SDG', 'Libra sudanesa'),
	(172, 'SDP', 'Libra sudanesa (1957–1998)'),
	(173, 'SSP', 'Libra sul-sudanesa'),
	(174, 'SYP', 'Libra síria'),
	(175, 'SZL', 'Lilangeni suazi'),
	(176, 'ITL', 'Lira italiana'),
	(177, 'MTL', 'Lira maltesa'),
	(178, 'TRY', 'Lira turca'),
	(179, 'TRL', 'Lira turca (1922–2005)'),
	(180, 'LTL', 'Litas lituano'),
	(181, 'LSL', 'Loti do Lesoto'),
	(182, 'MVP', 'Maldivian Rupee (1947–1981)'),
	(183, 'AZM', 'Manat azerbaijano (1993–2006)'),
	(184, 'AZN', 'Manat azeri'),
	(185, 'TMM', 'Manat do Turcomenistão (1993–2009)'),
	(186, 'TMT', 'Manat turcomeno'),
	(187, 'FIM', 'Marca finlandesa'),
	(188, 'DEM', 'Marco alemão'),
	(189, 'BAM', 'Marco bósnio-herzegovino conversível'),
	(190, 'MZM', 'Metical de Moçambique (1980–2006)'),
	(191, 'MZN', 'Metical moçambicano'),
	(192, 'BOV', 'Mvdol boliviano'),
	(193, 'NGN', 'Naira nigeriana'),
	(194, 'ERN', 'Nakfa da Eritreia'),
	(195, 'BTN', 'Ngultrum butanês'),
	(196, 'AON', 'Novo cuanza angolano (1990–2000)'),
	(197, 'BAN', 'Novo dinar da Bósnia-Herzegovina (1994–1997)'),
	(198, 'TWD', 'Novo dólar taiwanês'),
	(199, 'DDM', 'Ostmark da Alemanha Oriental'),
	(200, 'MRO', 'Ouguiya mauritana'),
	(201, 'MOP', 'Pataca macaense'),
	(202, 'TOP', 'Paʻanga tonganesa'),
	(203, 'ADP', 'Peseta de Andorra'),
	(204, 'ESP', 'Peseta espanhola'),
	(205, 'ESA', 'Peseta espanhola (conta A)'),
	(206, 'ESB', 'Peseta espanhola (conta conversível)'),
	(207, 'MXP', 'Peso Prata mexicano (1861–1992)'),
	(208, 'ARS', 'Peso argentino'),
	(209, 'ARM', 'Peso argentino (1881–1970)'),
	(210, 'ARP', 'Peso argentino (1983–1985)'),
	(211, 'BOP', 'Peso boliviano'),
	(212, 'CLP', 'Peso chileno'),
	(213, 'COP', 'Peso colombiano'),
	(214, 'CUP', 'Peso cubano'),
	(215, 'CUC', 'Peso cubano conversível'),
	(216, 'GWP', 'Peso da Guiné-Bissau'),
	(217, 'DOP', 'Peso dominicano'),
	(218, 'PHP', 'Peso filipino'),
	(219, 'ARL', 'Peso lei argentino (1970–1983)'),
	(220, 'MXN', 'Peso mexicano'),
	(221, 'UYU', 'Peso uruguaio'),
	(222, 'UYP', 'Peso uruguaio (1975–1993)'),
	(223, 'UYI', 'Peso uruguaio en unidades indexadas'),
	(224, 'BWP', 'Pula botsuanesa'),
	(225, 'GTQ', 'Quetzal guatemalense'),
	(226, 'ZAR', 'Rand sul-africano'),
	(227, 'ZAL', 'Rand sul-africano (financeiro)'),
	(228, 'BRL', 'Real brasileiro'),
	(229, 'QAR', 'Rial catariano'),
	(230, 'YER', 'Rial iemenita'),
	(231, 'IRR', 'Rial iraniano'),
	(232, 'OMR', 'Rial omanense'),
	(233, 'KHR', 'Riel cambojano'),
	(234, 'MYR', 'Ringgit malaio'),
	(235, 'SAR', 'Riyal saudita'),
	(236, 'BYN', 'Rublo bielorrusso'),
	(237, 'BYR', 'Rublo bielorrusso (2000–2016)'),
	(238, 'TJR', 'Rublo do Tadjiquistão'),
	(239, 'LVR', 'Rublo letão'),
	(240, 'BYB', 'Rublo novo bielo-russo (1994–1999)'),
	(241, 'RUB', 'Rublo russo'),
	(242, 'RUR', 'Rublo russo (1991–1998)'),
	(243, 'SUR', 'Rublo soviético'),
	(244, 'LKR', 'Rupia ceilandesa'),
	(245, 'INR', 'Rupia indiana'),
	(246, 'IDR', 'Rupia indonésia'),
	(247, 'MVR', 'Rupia maldiva'),
	(248, 'MUR', 'Rupia mauriciana'),
	(249, 'NPR', 'Rupia nepalesa'),
	(250, 'PKR', 'Rupia paquistanesa'),
	(251, 'SCR', 'Rupia seichelense'),
	(252, 'ILR', 'Sheqel antigo israelita'),
	(253, 'ILS', 'Sheqel novo israelita'),
	(254, 'PEN', 'Sol peruano'),
	(255, 'PES', 'Sol peruano (1863–1965)'),
	(256, 'KGS', 'Som quirguiz'),
	(257, 'UZS', 'Som uzbeque'),
	(258, 'TJS', 'Somoni tadjique'),
	(259, 'ECS', 'Sucre equatoriano'),
	(260, 'GNS', 'Syli da Guiné'),
	(261, 'BDT', 'Taka bengalesa'),
	(262, 'WST', 'Tala samoano'),
	(263, 'LTT', 'Talonas lituano'),
	(264, 'KZT', 'Tenge cazaque'),
	(265, 'SIT', 'Tolar Bons esloveno'),
	(266, 'MNT', 'Tugrik mongol'),
	(267, 'MXV', 'Unidade Mexicana de Investimento (UDI)'),
	(268, 'XEU', 'Unidade de Moeda Europeia'),
	(269, 'ECV', 'Unidade de Valor Constante (UVC) do Equador'),
	(270, 'COU', 'Unidade de Valor Real'),
	(271, 'CLF', 'Unidades de Fomento chilenas'),
	(272, 'VUV', 'Vatu vanuatuense'),
	(273, 'KRO', 'Won da Coreia do Sul (1945–1953)'),
	(274, 'KPW', 'Won norte-coreano'),
	(275, 'KRW', 'Won sul-coreano'),
	(276, 'ATS', 'Xelim austríaco'),
	(277, 'KES', 'Xelim queniano'),
	(278, 'SOS', 'Xelim somaliano'),
	(279, 'TZS', 'Xelim tanzaniano'),
	(280, 'UGX', 'Xelim ugandense'),
	(281, 'UGS', 'Xelim ugandense (1966–1987)'),
	(282, 'CNY', 'Yuan chinês'),
	(283, 'ZRN', 'Zaire Novo zairense (1993–1998)'),
	(284, 'ZRZ', 'Zaire zairense (1971–1993)'),
	(285, 'PLN', 'Zloti polonês'),
	(286, 'PLZ', 'Zloti polonês (1950–1995)');
/*!40000 ALTER TABLE `currency` ENABLE KEYS */;

-- Dumping structure for table letsfly.home_maintext
DROP TABLE IF EXISTS `home_maintext`;
CREATE TABLE IF NOT EXISTS `home_maintext` (
  `id` int(11) NOT NULL AUTO_INCREMENT,
  `value` longtext NOT NULL,
  `created_at` timestamp NULL DEFAULT CURRENT_TIMESTAMP,
  PRIMARY KEY (`id`),
  UNIQUE KEY `id_UNIQUE` (`id`)
) ENGINE=InnoDB AUTO_INCREMENT=6 DEFAULT CHARSET=latin1;

-- Dumping data for table letsfly.home_maintext: ~3 rows (approximately)
DELETE FROM `home_maintext`;
/*!40000 ALTER TABLE `home_maintext` DISABLE KEYS */;
INSERT INTO `home_maintext` (`id`, `value`, `created_at`) VALUES
	(3, 'Acreditamos que viagens, além de nos trazer bem- estar, podem transformar nossa visão de mundo e nos tornar culturalmente mais ricos. E é por isso que, nós da Lets Fly Viagens dedicamos a realizar sonhos de viagens de milhares de brasileiros ao proporcionar nossos associados viajem em suas férias em todos os anos', '2018-08-28 14:15:36'),
	(4, 'Lorem ipsum dolor sit amet, consectetur adipiscing elit. Sed pretium ipsum quis viverra suscipit. Fusce accumsan felis ac lobortis ultrices. Sed tempor efficitur nisl eget faucibus. Phasellus eu erat turpis. Cras tempor, sem vitae aliquet pellentesque, sapien elit mollis massa, ut porta nisi orci vel orci. Praesent volutpat lectus arcu, non facilisis lectus pellentesque non. Nullam ante nisi, pulvinar id justo eget, viverra vulputate ligula. Praesent fermentum egestas dolor in venenatis. Sed efficitur purus nunc, at sodales erat viverra a. Sed cursus aliquam mi imperdiet vestibulum. Quisque vel ipsum dignissim, congue odio quis, ornare dolor. Proin et consequat nibh.', '2018-08-28 14:33:43'),
	(5, 'Mussum Ipsum, cacilds vidis litro abertis. Delegadis gente finis, bibendum egestas augue arcu ut est. Suco de cevadiss, é um leite divinis, qui tem lupuliz, matis, aguis e fermentis. Aenean aliquam molestie leo, vitae iaculis nisl. Praesent vel viverra nisi. Mauris aliquet nunc non turpis scelerisque, eget. 2', '2018-08-28 14:33:56');
/*!40000 ALTER TABLE `home_maintext` ENABLE KEYS */;

-- Dumping structure for table letsfly.news
DROP TABLE IF EXISTS `news`;
CREATE TABLE IF NOT EXISTS `news` (
  `id` int(11) NOT NULL AUTO_INCREMENT,
  `title` varchar(255) DEFAULT NULL,
  `body` mediumtext,
  `image` varchar(255) DEFAULT NULL,
  `created_at` timestamp NOT NULL DEFAULT CURRENT_TIMESTAMP,
  PRIMARY KEY (`id`)
) ENGINE=InnoDB AUTO_INCREMENT=5 DEFAULT CHARSET=latin1;

-- Dumping data for table letsfly.news: ~2 rows (approximately)
DELETE FROM `news`;
/*!40000 ALTER TABLE `news` DISABLE KEYS */;
INSERT INTO `news` (`id`, `title`, `body`, `image`, `created_at`) VALUES
	(3, 'Cartão de Embarque Eletrônico', 'No Brasil, as principais companhias aéreas já dão a oportunidade de o passageiro utilizar o bilhete eletrônico. Atualmente, TAM, Gol, Azul e Avianca e Lan operam também com o cartão eletrônico de passagem. O passageiro deve ficar atento, já que cada companhia aérea tem sua politica com relação ao cartão de embarque eletrônico e modos diferentes de operá-los.\n\nConforme a rota e as opções da assinatura do telefone fixo ou celular do passageiro, o cliente pode receber o cartão de embarque por e-mail. A qualidade do código de barras será a mesma, seja qual for a forma pela qual ele receber o cartão de embarque eletrônico.\n\nQuanto à bagagem, os passageiros que possuem apenas a bagagem de mão podem se dirigir diretamente à sala de embarque, onde terão que apresentar o cartão de embarque eletrônico através do celular quando passarem pela segurança ou imigração e, também, no momento do embarque. Já os passageiros que necessitam despachar a bagagem também deverão apresentar o cartão no balcão da companhia aérea ao entregarem suas malas no guichê.\nSegundo a Infraero, essa tecnologia para a leitura de QR Code dos cartões de embarque já está presente em 41 de seus terminais, o que é equivalente a 65% da rede.', 'image_03.jpg', '2018-08-05 17:26:40'),
	(4, 'Auto check-in no aeroporto', 'Para evitar filas para check-in, portando seu código de reserva você pode usar os totens de check-in localizados na maioria dos aeroportos.\n\nAuto check-in passo a passo:\n\n1. No aeroporto, encontre uma máquina/totem de auto check-in correspondente à companhia aérea com a qual você viajará.\n2. Digite na máquina as informações do documento de identidade que utilizou para comprar o bilhete, e o código de confirmação da reserva.\n3. Se a máquina permitir, você pode escolher o seu assento no avião ou a máquina escolherá automaticamente.\n4. Leve o cartão de embarque impresso - é necessário para embarcar no avião.\n\nEm alguns aeroportos, a opção de auto check-in só é possível quando o passageiro possui apenas a bagagem de mão.\n\nAlguns grandes aeroportos possibilitam o auto check-in com a bagagem despachada. Nesse caso, a bagagem deve ser entregue no ponto de descarga de bagagens (baggage drop-off point).\n\nO auto-check-in no aeroporto é gratuito.\n\nCheck-in dos passageiros de primeira classe\n\nAos passageiros que compraram lugares na primeira classe (em algumas companhias aéreas, também na classe executiva), as companhias aéreas regulares oferecem pontos de check-in especiais. Graças a isso, os viajantes da primeira classe podem contar com envio de bagagem rápido e eficiente no aeroporto. Os pontos de check-in para passageiros da primeira classe são especialmente marcados, assim como pontos adicionais de verificação de segurança rápida.\n\nOs passageiros da primeira classe também podem, utilizar o check-in online, o auto check-in ou o check-in por telefone.', 'image_04.jpg', '2018-08-05 17:26:40');
/*!40000 ALTER TABLE `news` ENABLE KEYS */;

-- Dumping structure for table letsfly.popular_destinations
DROP TABLE IF EXISTS `popular_destinations`;
CREATE TABLE IF NOT EXISTS `popular_destinations` (
  `id` int(11) NOT NULL AUTO_INCREMENT,
  `title` varchar(255) DEFAULT NULL,
  `body` mediumtext,
  `image` varchar(255) DEFAULT NULL,
  `created_at` timestamp NOT NULL DEFAULT CURRENT_TIMESTAMP,
  PRIMARY KEY (`id`)
) ENGINE=InnoDB AUTO_INCREMENT=10 DEFAULT CHARSET=latin1;

-- Dumping data for table letsfly.popular_destinations: ~9 rows (approximately)
DELETE FROM `popular_destinations`;
/*!40000 ALTER TABLE `popular_destinations` DISABLE KEYS */;
INSERT INTO `popular_destinations` (`id`, `title`, `body`, `image`, `created_at`) VALUES
	(1, 'Curitiba', 'Jardim botânico de Curitiba é um dos principais pontos turísticos da cidade de Curitiba', 'image_01.jpg', '2018-08-05 18:07:34'),
	(2, 'Salvador', 'Praias, música, museus, cultura, teatros, carnaval, patrimônio histórico. São muitas as opções turísticas da capital baiana, a primeira cidade fundada no Brasil.', 'image_02.jpg', '2018-08-05 18:07:34'),
	(3, 'Maceió', 'Os viajantes visitam Maceió por suas praias impressionantes, consideradas algumas das melhores no Brasil. As dunas de Marapé, localizadas onde o rio encontra o mar, são particularmente notáveis, e lá você pode nadar em água salgada e doce.', 'image_03.jpg', '2018-08-05 18:07:34'),
	(4, 'Natal', 'Natal, conhecida por seus incontáveis dias ensolarados, é a cidade perfeita para quem quer descansar em frente ao mar. Ponta Negra é o lugar preferido dos turistas, mas a viagem não deve se resumir a isso. Quem vai a Natal não pode ficar preso à cidade - o litoral sul e o norte têm muito a oferecer e fazem parte do roteiro de quem quer desfrutar dos melhores lugares do Rio Grande do Norte', 'image_04.jpg', '2018-08-05 18:07:34'),
	(5, 'Trancoso / Bahia', 'Trancoso, entretanto, ganhou um upgrade que elevou seus serviços à categoria cinco estrelas - mas sem perder o charme, o astral e a ternura.\n\nO povoado, hoje, tem pousadas sofisticadas, lojas de grife e restaurantes estrelados que atraem ricos e famosos.', 'image_05.jpg', '2018-08-05 18:07:34'),
	(6, 'Florianopolis', 'O mar está sempre presente na imagem cotidiana do manezinho e é o grande atrativo da cidade. O visual por toda a ilha é deslumbrante, com muito verde, espaço para trilhas e esportes radicais.', 'image_06.jpg', '2018-08-05 18:07:34'),
	(7, 'Rio de Janeiro ', 'O destino mais famoso do Brasil é cercado por belas praias e pelo verde da Mata Atlântica presente em quase toda a cidade. Um destino perfeito para quem adora curtir a vida agitada de uma grande metrópole e desfrutar de belos cenários naturais ao mesmo tempo\n\nA cidade do Rio de Janeiro é a segunda maior metrópole do Brasil e está localizada no Sudeste do país. Carinhosamente apelidada de cidade maravilhosa, esse é sem dúvidas o destino turístico número um do Brasil. Sendo internacionalmente conhecida por diversos ícones culturais e paisagísticos, como o Pão de Açúcar, a estátua do Cristo Redentos (uma das sete maravilhas do mundo moderno) e as praias e bairros de Copacabana, Ipanema e Barra da Tijuca, a cidade é recheada de lugares para conhecer durante uma visita ao destino', 'image_07.jpg', '2018-08-05 18:07:34'),
	(8, 'Jericoacoara', 'Um lugar para amar, sorrir, se divertir, dançar, cantar. Jeri é uma vila que nos surpreende para muito além da sua beleza. É estimulante, encantadora. Em suas ruas de areia as línguas de todas as partes do mundo se misturam, dialogam. Jeri é a kite surf, Jeri é Wind Surf. Jeri é SUP. Yoga. Pilates. Capoeira. Zumba. \nJeri também é noite. Tem forró a luz do luar, xote arrasta pé pra não deixar ninguém parado sob o brilho das estrelas. Jeri também é samba, samba de raiz. Tem música ao vivo, hotéis de charme, bares transados, restaurantes fantásticos. Jeri é pé no chão. Sem postes de iluminação para não ofuscar a luz da lua e das estrelas, turistas circulam por suas ruas de areia sem interferências visuais, tem um toque a mais, ', 'image_08.jpg', '2018-08-05 18:07:34'),
	(9, 'Tocantins / Jalapão', 'Destino já conhecido pelos apaixonados pelo ecoturismo e turismo de aventura. Localizada no Estado do Tocantins, a região encanta por suas águas abundantes, chapadões e serras com clima de savana, além da paisagem de cerrado, com direito a dunas alaranjadas, rios encachoeirados, nascentes e impressionantes formações rochosas.', 'image_09.jpg', '2018-08-05 18:07:34');
/*!40000 ALTER TABLE `popular_destinations` ENABLE KEYS */;

-- Dumping structure for table letsfly.quotes
DROP TABLE IF EXISTS `quotes`;
CREATE TABLE IF NOT EXISTS `quotes` (
  `id` int(11) NOT NULL AUTO_INCREMENT,
  `user_id` int(11) NOT NULL,
  `quote_type` int(11) NOT NULL,
  `created_at` timestamp NOT NULL DEFAULT CURRENT_TIMESTAMP,
  PRIMARY KEY (`id`),
  UNIQUE KEY `id` (`id`),
  KEY `quotes_fk0` (`user_id`),
  KEY `quotes_fk1` (`quote_type`),
  CONSTRAINT `quotes_fk0` FOREIGN KEY (`user_id`) REFERENCES `user` (`id`),
  CONSTRAINT `quotes_fk1` FOREIGN KEY (`quote_type`) REFERENCES `quote_type` (`id`)
) ENGINE=InnoDB AUTO_INCREMENT=92 DEFAULT CHARSET=latin1;

-- Dumping data for table letsfly.quotes: ~86 rows (approximately)
DELETE FROM `quotes`;
/*!40000 ALTER TABLE `quotes` DISABLE KEYS */;
INSERT INTO `quotes` (`id`, `user_id`, `quote_type`, `created_at`) VALUES
	(1, 1, 6, '2018-08-24 14:56:26'),
	(2, 1, 6, '2018-08-24 14:56:26'),
	(3, 2, 1, '2018-08-24 14:56:26'),
	(4, 2, 3, '2018-08-24 14:56:26'),
	(5, 3, 1, '2018-08-24 14:56:26'),
	(6, 3, 1, '2018-08-24 14:56:26'),
	(7, 3, 1, '2018-08-24 14:56:26'),
	(8, 3, 1, '2018-08-24 14:56:26'),
	(9, 2, 1, '2018-08-24 14:56:26'),
	(10, 2, 1, '2018-08-24 14:56:26'),
	(11, 2, 1, '2018-08-24 14:56:26'),
	(12, 2, 1, '2018-08-24 14:56:26'),
	(13, 2, 1, '2018-08-24 14:56:26'),
	(14, 2, 1, '2018-08-24 14:56:26'),
	(15, 2, 1, '2018-08-24 14:56:26'),
	(16, 2, 1, '2018-08-24 14:56:26'),
	(17, 2, 1, '2018-08-24 14:56:26'),
	(18, 2, 1, '2018-08-24 14:56:26'),
	(19, 2, 1, '2018-08-24 14:56:26'),
	(20, 2, 1, '2018-08-24 14:56:26'),
	(21, 2, 1, '2018-08-24 14:56:26'),
	(22, 2, 1, '2018-08-24 14:56:26'),
	(23, 4, 1, '2018-08-24 14:56:26'),
	(24, 4, 1, '2018-08-24 14:56:26'),
	(25, 4, 1, '2018-08-24 14:56:26'),
	(26, 4, 1, '2018-08-24 14:56:26'),
	(27, 2, 1, '2018-08-24 14:56:26'),
	(28, 2, 1, '2018-08-24 14:56:26'),
	(29, 2, 1, '2018-08-24 14:56:26'),
	(30, 2, 1, '2018-08-24 14:56:26'),
	(31, 2, 1, '2018-08-24 14:56:26'),
	(32, 2, 1, '2018-08-24 14:56:26'),
	(33, 2, 1, '2018-08-24 14:56:26'),
	(34, 2, 1, '2018-08-24 14:56:26'),
	(35, 2, 1, '2018-08-24 14:56:26'),
	(36, 4, 1, '2018-08-24 14:56:26'),
	(37, 5, 1, '2018-08-24 14:56:26'),
	(38, 5, 1, '2018-08-24 14:56:26'),
	(39, 6, 1, '2018-08-24 14:56:26'),
	(40, 6, 1, '2018-08-24 14:56:26'),
	(41, 5, 1, '2018-08-24 14:56:26'),
	(42, 6, 1, '2018-08-24 14:56:26'),
	(43, 6, 1, '2018-08-24 14:56:26'),
	(44, 6, 1, '2018-08-24 14:56:26'),
	(45, 6, 1, '2018-08-24 14:56:26'),
	(46, 6, 1, '2018-08-24 14:56:26'),
	(47, 6, 1, '2018-08-24 14:56:26'),
	(48, 6, 1, '2018-08-24 14:56:26'),
	(49, 6, 1, '2018-08-24 14:56:26'),
	(50, 6, 1, '2018-08-24 14:56:26'),
	(51, 7, 1, '2018-08-24 14:56:26'),
	(52, 8, 1, '2018-08-24 14:56:26'),
	(53, 9, 1, '2018-08-24 14:56:26'),
	(54, 10, 1, '2018-08-24 14:56:26'),
	(55, 11, 1, '2018-08-24 14:56:26'),
	(56, 12, 1, '2018-08-24 14:56:26'),
	(57, 13, 1, '2018-08-24 14:56:26'),
	(58, 14, 1, '2018-08-24 14:56:26'),
	(59, 15, 1, '2018-08-24 14:56:26'),
	(60, 16, 1, '2018-08-24 14:56:26'),
	(61, 6, 1, '2018-08-24 14:56:26'),
	(62, 17, 1, '2018-08-24 14:56:26'),
	(63, 18, 1, '2018-08-24 14:56:26'),
	(64, 19, 1, '2018-08-24 14:56:26'),
	(65, 20, 1, '2018-08-24 14:56:26'),
	(66, 21, 1, '2018-08-24 14:56:26'),
	(67, 22, 1, '2018-08-24 14:56:26'),
	(68, 23, 1, '2018-08-24 14:56:26'),
	(69, 24, 1, '2018-08-24 14:56:26'),
	(70, 25, 1, '2018-08-24 14:56:26'),
	(71, 26, 1, '2018-08-24 14:56:26'),
	(72, 27, 1, '2018-08-24 14:56:26'),
	(73, 28, 1, '2018-08-24 14:56:26'),
	(74, 29, 1, '2018-08-24 14:56:26'),
	(75, 30, 1, '2018-08-24 14:56:26'),
	(76, 31, 4, '2018-08-24 14:56:26'),
	(77, 32, 2, '2018-08-24 14:56:26'),
	(78, 33, 2, '2018-08-24 14:56:26'),
	(79, 34, 3, '2018-08-24 14:56:26'),
	(80, 35, 3, '2018-08-24 14:56:26'),
	(81, 36, 5, '2018-08-24 14:56:26'),
	(82, 37, 6, '2018-08-24 14:56:26'),
	(83, 38, 6, '2018-08-24 14:56:26'),
	(84, 51, 1, '2018-08-30 07:45:07'),
	(85, 51, 1, '2018-08-30 08:08:22'),
	(86, 4, 1, '2018-08-30 15:33:25'),
	(87, 52, 2, '2018-09-24 08:25:21'),
	(88, 52, 2, '2018-09-24 08:25:27'),
	(89, 53, 2, '2018-09-24 09:32:03'),
	(90, 53, 2, '2018-09-24 09:35:18'),
	(91, 53, 2, '2018-09-24 09:35:27');
/*!40000 ALTER TABLE `quotes` ENABLE KEYS */;

-- Dumping structure for table letsfly.quote_answer
DROP TABLE IF EXISTS `quote_answer`;
CREATE TABLE IF NOT EXISTS `quote_answer` (
  `id` int(10) unsigned NOT NULL AUTO_INCREMENT,
  `localizador` varchar(45) DEFAULT NULL,
  `airline` varchar(255) DEFAULT NULL,
  `flight` varchar(45) DEFAULT NULL,
  `departure_datetime` varchar(16) NOT NULL,
  `departure_time` varchar(16) DEFAULT NULL,
  `arrival_datetime` varchar(16) NOT NULL,
  `arrival_time` varchar(16) DEFAULT NULL,
  `class` varchar(45) DEFAULT NULL,
  `origin` varchar(255) NOT NULL,
  `destination` varchar(255) NOT NULL,
  `luggage` int(2) unsigned zerofill NOT NULL,
  `stops` int(2) unsigned zerofill NOT NULL,
  `quote_answer_cost_id` int(10) unsigned NOT NULL,
  `quote_id` int(11) NOT NULL,
  PRIMARY KEY (`id`),
  UNIQUE KEY `id_UNIQUE` (`id`),
  KEY `FK_QUOTE:ANSWER_COST_idx` (`quote_answer_cost_id`),
  KEY `FK_QUOTE_ID_idx` (`quote_id`),
  CONSTRAINT `FK_QUOTE_ANSWER__QUOTE_ASNWER_COST_ID` FOREIGN KEY (`quote_answer_cost_id`) REFERENCES `quote_answer_cost` (`id`) ON DELETE NO ACTION ON UPDATE NO ACTION,
  CONSTRAINT `FK_QUOTE_ID` FOREIGN KEY (`quote_id`) REFERENCES `quotes` (`id`) ON DELETE NO ACTION ON UPDATE NO ACTION
) ENGINE=InnoDB AUTO_INCREMENT=59 DEFAULT CHARSET=latin1;

-- Dumping data for table letsfly.quote_answer: ~20 rows (approximately)
DELETE FROM `quote_answer`;
/*!40000 ALTER TABLE `quote_answer` DISABLE KEYS */;
INSERT INTO `quote_answer` (`id`, `localizador`, `airline`, `flight`, `departure_datetime`, `departure_time`, `arrival_datetime`, `arrival_time`, `class`, `origin`, `destination`, `luggage`, `stops`, `quote_answer_cost_id`, `quote_id`) VALUES
	(25, 'localizador_value', 'airline_valuie', 'flight_value', '0000-00-00', NULL, '0000-00-00', NULL, 'class_value', 'origin_value', 'destination_value', 00, 00, 20, 1),
	(26, 'localizador_value', 'airline_valuie', 'flight_value', '0000-00-00', NULL, '0000-00-00', NULL, 'class_value', 'origin_value', 'destination_value', 00, 00, 21, 6),
	(28, 'localizador_value', 'airline_valuie', 'flight_value', '0000-00-00', NULL, '0000-00-00', NULL, 'class_value', 'origin_value', 'destination_value', 00, 00, 23, 6),
	(29, 'localizador_value', 'airline_valuie', 'flight_value', '0000-00-00', NULL, '0000-00-00', NULL, 'class_value', 'origin_value', 'destination_value', 00, 00, 24, 6),
	(30, 'XYZVOO', 'LKatam', 'XYZ0123', '0000-00-00', NULL, '0000-00-00', NULL, 'Economica', 'Bahia', 'Sao Paulo', 01, 00, 25, 76),
	(31, 'XYZVOO', 'LKatam', 'XYZ0123', '0000-00-00', NULL, '0000-00-00', NULL, 'Economica', 'Bahia', 'Sao Paulo', 01, 00, 26, 76),
	(32, 'XYZVOO', 'LKatam', 'XYZ0123', '0000-00-00', NULL, '0000-00-00', NULL, 'Economica', 'Bahia', 'Sao Paulo', 01, 00, 27, 76),
	(33, 'XYZVOO', 'LKatam', 'XYZ0123', '0000-00-00', NULL, '0000-00-00', NULL, 'Economica', 'Bahia', 'Sao Paulo', 01, 00, 28, 76),
	(34, 'XYZVOO', 'LKatam', 'XYZ0123', '0000-00-00', NULL, '0000-00-00', NULL, 'Economica', 'Bahia', 'Sao Paulo', 01, 00, 29, 76),
	(35, 'ABC', 'Latam', '123456', '0000-00-00', NULL, '0000-00-00', NULL, 'A melhor', 'Sao Paulo', 'Bahia', 00, 01, 35, 29),
	(36, 'Xirofonfila', 'Xirofonfila', 'Xirofonfila', '0000-00-00', NULL, '0000-00-00', NULL, 'Xirofonfila', 'Sao Paulo', 'Bahia', 00, 00, 36, 35),
	(37, 'ABCD', 'Latam', '123456', '0000-00-00', NULL, '0000-00-00', NULL, 'A melhor', 'Sao Paulo', 'Bahia', 01, 01, 49, 7),
	(51, '', '', '', '0000-00-00', NULL, '0000-00-00', NULL, '', '', '', 00, 00, 51, 31),
	(52, '', '', '', '0000-00-00', NULL, '0000-00-00', NULL, '', '', '', 00, 00, 52, 34),
	(53, '', '', '', '0000-00-00', NULL, '0000-00-00', NULL, '', '', '', 00, 00, 53, 22),
	(54, '', '', '', '0000-00-00', NULL, '0000-00-00', NULL, '', '', '', 00, 00, 54, 23),
	(55, 'ABC', 'Latam', '123456', '0000-00-00', NULL, '0000-00-00', NULL, 'A melhor', 'Sao Paulo', 'Bahia', 01, 01, 55, 12),
	(56, '', '', '', '0000-00-00', NULL, '0000-00-00', NULL, '', '', '', 00, 00, 58, 84),
	(57, 'XYZ', 'Latam', '1234', '2018-00-00', NULL, '0000-00-00', NULL, 'primeira', 'Sao Paulo', 'Bahia', 02, 02, 59, 39),
	(58, 'XGV', 'Iberia', 'IY789', '29/03/2019', NULL, '04/04/2020', NULL, 'primeira', 'sp', 'bh', 01, 01, 64, 45);
/*!40000 ALTER TABLE `quote_answer` ENABLE KEYS */;

-- Dumping structure for table letsfly.quote_answer_cost
DROP TABLE IF EXISTS `quote_answer_cost`;
CREATE TABLE IF NOT EXISTS `quote_answer_cost` (
  `id` int(10) unsigned NOT NULL AUTO_INCREMENT,
  `currency_id` int(11) NOT NULL,
  `exchange` float NOT NULL,
  `original_cost` float unsigned NOT NULL,
  `cost` float unsigned NOT NULL,
  `tax` float NOT NULL,
  `rav` float DEFAULT NULL,
  `total` float unsigned NOT NULL,
  PRIMARY KEY (`id`),
  UNIQUE KEY `id_UNIQUE` (`id`),
  KEY `FK_CURRENCY_ID_idx` (`currency_id`),
  CONSTRAINT `FK_CURRENCY_ID` FOREIGN KEY (`currency_id`) REFERENCES `currency` (`id`)
) ENGINE=InnoDB AUTO_INCREMENT=65 DEFAULT CHARSET=latin1;

-- Dumping data for table letsfly.quote_answer_cost: ~62 rows (approximately)
DELETE FROM `quote_answer_cost`;
/*!40000 ALTER TABLE `quote_answer_cost` DISABLE KEYS */;
INSERT INTO `quote_answer_cost` (`id`, `currency_id`, `exchange`, `original_cost`, `cost`, `tax`, `rav`, `total`) VALUES
	(1, 66, 0, 0, 0, 0, 0, 0),
	(2, 66, 0, 0, 0, 0, 0, 0),
	(3, 66, 0, 0, 0, 0, 0, 0),
	(4, 66, 0, 0, 0, 0, 0, 0),
	(5, 66, 0, 0, 0, 0, 0, 0),
	(6, 66, 1, 300, 0, 122, 999, 3100),
	(7, 66, 1, 300, 0, 122, 999, 3100),
	(8, 66, 1.35, 300, 0, 122, 999, 3100),
	(9, 66, 1.35, 300, 0, 122, 999, 3100),
	(10, 66, 1.35, 300, 0, 122, 999, 3100),
	(11, 66, 1.35, 300, 0, 122, 999, 3100),
	(12, 66, 1.35, 300, 1.351, 122, 999, 1527.35),
	(13, 66, 1, 300, 300, 100, 100, 500),
	(14, 101, 4.83, 500, 2415, 1500, 100, 4015),
	(15, 101, 4.3045, 314, 1351.61, 1204.77, 100, 2656.38),
	(16, 101, 4.3045, 314, 1352, 1204.77, 100, 2656.38),
	(17, 101, 5, 314, 1351.61, 1204.77, 100, 2656.38),
	(18, 101, 5, 314, 1351.61, 1205, 100, 2656.38),
	(19, 101, 4.3045, 314, 1351.61, 1204.77, 100, 2656.61),
	(20, 101, 4.3045, 314, 1351.61, 1204.77, 100, 2656.38),
	(21, 101, 4.3045, 314, 1351.61, 1204.77, 100, 2656.38),
	(22, 101, 4.3045, 314, 1351.61, 1204.77, 100, 2656.38),
	(23, 101, 4.3045, 314, 1351.61, 1204.77, 100, 2656.38),
	(24, 101, 4.3045, 314, 1351.61, 1204.77, 100, 2656.38),
	(25, 101, 90, 100, 9000, 100, NULL, 9100),
	(26, 101, 90, 100, 9000, 100, NULL, 9100),
	(27, 101, 90, 100, 9000, 100, NULL, 9100),
	(28, 101, 90, 100, 9000, 100, 99, 9199),
	(29, 101, 90, 100, 9000, 100, 99, 9199),
	(30, 1, 0, 0, 0, 0, NULL, 0),
	(31, 1, 0, 0, 0, 0, NULL, 0),
	(32, 1, 0, 0, 0, 0, NULL, 0),
	(33, 1, 0, 0, 0, 0, NULL, 0),
	(34, 1, 1337, 0, 0, 0, NULL, 0),
	(35, 101, 4.38, 340, 1489.2, 1340, 100, 2929.2),
	(36, 101, 4.06, 354, 1437.24, 2, 0, 1439.24),
	(37, 101, 4.38, 340, 1489.2, 1340, 100, 2929.2),
	(38, 101, 4.38, 340, 1489.2, 1340, 100, 2929.2),
	(39, 101, 4.38, 340, 1489.2, 1340, 100, 2929.2),
	(40, 101, 4.38, 340, 1489.2, 1340, 100, 2929.2),
	(41, 101, 4.38, 340, 1489.2, 1340, 100, 2929.2),
	(42, 101, 4.38, 340, 1489.2, 1340, 100, 2929.2),
	(43, 101, 4.38, 340, 1489.2, 1340, 100, 2929.2),
	(44, 101, 4.38, 340, 1489.2, 1340, 100, 2929.2),
	(45, 101, 4.38, 340, 1489.2, 1340, 100, 2929.2),
	(46, 101, 4.38, 340, 1489.2, 1340, 100, 2929.2),
	(47, 101, 4.38, 340, 1489.2, 1340, 100, 2929.2),
	(48, 101, 4.38, 340, 1489.2, 1340, 100, 2929.2),
	(49, 101, 4.38, 340, 1489.2, 350, 100, 1939.2),
	(50, 66, 0, 0, 0, 0, 0, 0),
	(51, 66, 0, 0, 0, 0, 0, 0),
	(52, 66, 2.38, 2, 4.76, 2, 2, 8.76),
	(53, 66, 0, 0, 0, 0, 0, 0),
	(54, 66, 0, 0, 0, 0, 0, 0),
	(55, 66, 4.38, 340, 1489.2, 1340, 100, 2929.2),
	(58, 101, 0, 0, 0, 0, 0, 0),
	(59, 66, 3.97, 450, 1786.5, 100, 28, 1914.5),
	(60, 228, 1, 1500, 1500, 100, 100, 1700),
	(61, 228, 1, 1500, 1500, 100, 100, 1700),
	(62, 228, 1, 1500, 1500, 100, 100, 1700),
	(63, 228, 1, 1350.38, 1350.38, 350.84, 28.36, 1729.58),
	(64, 228, 1, 500, 500, 100, 100, 700);
/*!40000 ALTER TABLE `quote_answer_cost` ENABLE KEYS */;

-- Dumping structure for table letsfly.quote_field
DROP TABLE IF EXISTS `quote_field`;
CREATE TABLE IF NOT EXISTS `quote_field` (
  `id` int(11) NOT NULL AUTO_INCREMENT,
  `quote_id` int(11) NOT NULL,
  `field_name` varchar(100) NOT NULL,
  `field_value` tinytext NOT NULL,
  `created_at` timestamp NOT NULL DEFAULT CURRENT_TIMESTAMP,
  PRIMARY KEY (`id`),
  UNIQUE KEY `id` (`id`),
  KEY `quote_field_fk0` (`quote_id`),
  CONSTRAINT `quote_field_fk0` FOREIGN KEY (`quote_id`) REFERENCES `quotes` (`id`)
) ENGINE=InnoDB AUTO_INCREMENT=960 DEFAULT CHARSET=latin1;

-- Dumping data for table letsfly.quote_field: ~902 rows (approximately)
DELETE FROM `quote_field`;
/*!40000 ALTER TABLE `quote_field` DISABLE KEYS */;
INSERT INTO `quote_field` (`id`, `quote_id`, `field_name`, `field_value`, `created_at`) VALUES
	(1, 1, 'name_1', 'sadasd', '2018-08-24 14:54:32'),
	(2, 1, 'surname_1', 'asdsad', '2018-08-24 14:54:32'),
	(3, 1, 'dob_1', '09/08/2018', '2018-08-24 14:54:32'),
	(4, 1, 'email', 'asdsadasd@asdkjasd.com', '2018-08-24 14:54:32'),
	(5, 1, 'phone', 'asdasd', '2018-08-24 14:54:32'),
	(6, 1, 'destinationCity', 'asdasd', '2018-08-24 14:54:32'),
	(7, 1, 'departureDate', '16/08/2018', '2018-08-24 14:54:32'),
	(8, 1, 'returnDarte', '16/08/2018', '2018-08-24 14:54:32'),
	(9, 1, 'message', 'asd', '2018-08-24 14:54:32'),
	(10, 2, 'name_1', 'sadasd', '2018-08-24 14:54:32'),
	(11, 2, 'surname_1', 'asdsad', '2018-08-24 14:54:32'),
	(12, 2, 'dob_1', '21/08/2018', '2018-08-24 14:54:32'),
	(13, 2, 'email', 'asdsadasd@asdkjasd.com', '2018-08-24 14:54:32'),
	(14, 2, 'phone', 'asdasd', '2018-08-24 14:54:32'),
	(15, 2, 'destinationCity', 'asdasd', '2018-08-24 14:54:32'),
	(16, 2, 'departureDate', '22/08/2018', '2018-08-24 14:54:32'),
	(17, 2, 'returnDarte', '13/08/2018', '2018-08-24 14:54:32'),
	(18, 2, 'message', 'aadasda', '2018-08-24 14:54:32'),
	(19, 2, 'travelinsurance', 'travelinsurance', '2018-08-24 14:54:32'),
	(20, 2, 'carrental', 'carrental', '2018-08-24 14:54:32'),
	(21, 2, 'know', 'Panrotas', '2018-08-24 14:54:32'),
	(22, 3, 'name_1', '&lt;x&lt;zx&lt;z', '2018-08-24 14:54:32'),
	(23, 3, 'surname_1', '&lt;zxz<', '2018-08-24 14:54:32'),
	(24, 3, 'dob_1', '14/08/2018', '2018-08-24 14:54:32'),
	(25, 3, 'email', 'gabriel@gabriel.gabriel', '2018-08-24 14:54:32'),
	(26, 3, 'phone', 'asdasda', '2018-08-24 14:54:32'),
	(27, 3, 'departureCity', 'SSS', '2018-08-24 14:54:32'),
	(28, 3, 'destinationCity', 'SSS', '2018-08-24 14:54:32'),
	(29, 3, 'departureDate', '08/08/2018', '2018-08-24 14:54:32'),
	(30, 3, 'returnDarte', '06/08/2018', '2018-08-24 14:54:32'),
	(31, 3, 'message', 'Informações adicionais?', '2018-08-24 14:54:32'),
	(32, 4, 'name_1', 'asdasd', '2018-08-24 14:54:32'),
	(33, 4, 'surname_1', 'asdsad', '2018-08-24 14:54:32'),
	(34, 4, 'dob_1', '15/08/2018', '2018-08-24 14:54:32'),
	(35, 4, 'email', 'gabriel@gabriel.gabriel', '2018-08-24 14:54:32'),
	(36, 4, 'phone', 'asdasd', '2018-08-24 14:54:32'),
	(37, 4, 'checkInDate', '15/08/2018', '2018-08-24 14:54:32'),
	(38, 4, 'checkOutDate', '29/08/2018', '2018-08-24 14:54:32'),
	(39, 4, 'destinationCity', 'asdasd', '2018-08-24 14:54:32'),
	(40, 4, 'rooms', '2', '2018-08-24 14:54:32'),
	(41, 4, 'message', 'asdasd', '2018-08-24 14:54:32'),
	(42, 4, 'know', 'Facebook', '2018-08-24 14:54:32'),
	(43, 5, 'name_1', 'William', '2018-08-24 14:54:32'),
	(44, 5, 'surname_1', 'Moraes', '2018-08-24 14:54:32'),
	(45, 5, 'dob_1', '19/08/2018', '2018-08-24 14:54:32'),
	(46, 5, 'email', 'william@letsflyviagens.com.br', '2018-08-24 14:54:32'),
	(47, 5, 'phone', '1122328530', '2018-08-24 14:54:32'),
	(48, 5, 'departureCity', 'Osasco', '2018-08-24 14:54:32'),
	(49, 5, 'destinationCity', 'Pirituba', '2018-08-24 14:54:32'),
	(50, 5, 'departureDate', '02/09/2018', '2018-08-24 14:54:32'),
	(51, 5, 'returnDarte', '07/10/2018', '2018-08-24 14:54:32'),
	(52, 5, 'message', '\r\nasdasd', '2018-08-24 14:54:32'),
	(53, 5, 'know', 'Revistas', '2018-08-24 14:54:32'),
	(54, 6, 'name_1', 'William', '2018-08-24 14:54:32'),
	(55, 6, 'surname_1', 'Moraes', '2018-08-24 14:54:32'),
	(56, 6, 'dob_1', '02/09/2018', '2018-08-24 14:54:32'),
	(57, 6, 'email', 'william@letsflyviagens.com.br', '2018-08-24 14:54:32'),
	(58, 6, 'phone', '1122328530', '2018-08-24 14:54:32'),
	(59, 6, 'departureCity', 'Osasco', '2018-08-24 14:54:32'),
	(60, 6, 'destinationCity', 'Pirituba', '2018-08-24 14:54:32'),
	(61, 6, 'departureDate', '26/08/2018', '2018-08-24 14:54:32'),
	(62, 6, 'returnDarte', '19/08/2018', '2018-08-24 14:54:32'),
	(63, 6, 'message', 'adsasdd', '2018-08-24 14:54:32'),
	(64, 6, 'know', 'Google', '2018-08-24 14:54:32'),
	(65, 7, 'name_1', 'William', '2018-08-24 14:54:32'),
	(66, 7, 'surname_1', 'Moraes', '2018-08-24 14:54:32'),
	(67, 7, 'dob_1', '26/08/2018', '2018-08-24 14:54:32'),
	(68, 7, 'email', 'william@letsflyviagens.com.br', '2018-08-24 14:54:32'),
	(69, 7, 'phone', '1122328530', '2018-08-24 14:54:32'),
	(70, 7, 'departureCity', 'Osasco', '2018-08-24 14:54:32'),
	(71, 7, 'destinationCity', 'Pirituba', '2018-08-24 14:54:32'),
	(72, 7, 'departureDate', '26/08/2018', '2018-08-24 14:54:32'),
	(73, 7, 'returnDarte', '02/09/2018', '2018-08-24 14:54:32'),
	(74, 7, 'message', 'asdasd', '2018-08-24 14:54:32'),
	(75, 7, 'know', 'Google', '2018-08-24 14:54:32'),
	(76, 8, 'name_1', 'William', '2018-08-24 14:54:32'),
	(77, 8, 'surname_1', 'Moraes', '2018-08-24 14:54:32'),
	(78, 8, 'dob_1', '02/09/2018', '2018-08-24 14:54:32'),
	(79, 8, 'email', 'william@letsflyviagens.com.br', '2018-08-24 14:54:32'),
	(80, 8, 'phone', '1122328530', '2018-08-24 14:54:32'),
	(81, 8, 'departureCity', 'Osasco', '2018-08-24 14:54:32'),
	(82, 8, 'destinationCity', 'Pirituba', '2018-08-24 14:54:32'),
	(83, 8, 'departureDate', '02/09/2018', '2018-08-24 14:54:32'),
	(84, 8, 'returnDarte', '26/08/2018', '2018-08-24 14:54:32'),
	(85, 8, 'message', 'sdaad', '2018-08-24 14:54:32'),
	(86, 8, 'know', 'Google', '2018-08-24 14:54:32'),
	(87, 9, 'name_1', 'asdsd', '2018-08-24 14:54:32'),
	(88, 9, 'surname_1', 'asdsd', '2018-08-24 14:54:32'),
	(89, 9, 'dob_1', '20/08/2018', '2018-08-24 14:54:32'),
	(90, 9, 'email', 'gabriel@gabriel.gabriel', '2018-08-24 14:54:32'),
	(91, 9, 'phone', 'asdasda', '2018-08-24 14:54:32'),
	(92, 9, 'departureCity', 'SSS', '2018-08-24 14:54:32'),
	(93, 9, 'destinationCity', 'SSS', '2018-08-24 14:54:32'),
	(94, 9, 'departureDate', '03/09/2018', '2018-08-24 14:54:32'),
	(95, 9, 'returnDarte', '03/09/2018', '2018-08-24 14:54:32'),
	(96, 9, 'message', 'ASDASD', '2018-08-24 14:54:32'),
	(97, 9, 'know', 'Google', '2018-08-24 14:54:32'),
	(98, 10, 'name_1', 'asdsd', '2018-08-24 14:54:32'),
	(99, 10, 'surname_1', 'asdsd', '2018-08-24 14:54:32'),
	(100, 10, 'dob_1', '20/08/2018', '2018-08-24 14:54:32'),
	(101, 10, 'email', 'gabriel@gabriel.gabriel', '2018-08-24 14:54:32'),
	(102, 10, 'phone', 'asdasda', '2018-08-24 14:54:32'),
	(103, 10, 'departureCity', 'SSS', '2018-08-24 14:54:32'),
	(104, 10, 'destinationCity', 'SSS', '2018-08-24 14:54:32'),
	(105, 10, 'departureDate', '03/09/2018', '2018-08-24 14:54:32'),
	(106, 10, 'returnDarte', '03/09/2018', '2018-08-24 14:54:32'),
	(107, 10, 'message', 'ASDASD', '2018-08-24 14:54:32'),
	(108, 10, 'know', 'Google', '2018-08-24 14:54:32'),
	(109, 11, 'name_1', '&lt;x&lt;zx&lt;z', '2018-08-24 14:54:32'),
	(110, 11, 'surname_1', '&lt;zxz<', '2018-08-24 14:54:32'),
	(111, 11, 'dob_1', '03/09/2018', '2018-08-24 14:54:32'),
	(112, 11, 'email', 'gabriel@gabriel.gabriel', '2018-08-24 14:54:32'),
	(113, 11, 'phone', 'asdasda', '2018-08-24 14:54:32'),
	(114, 11, 'departureCity', 'SSS', '2018-08-24 14:54:32'),
	(115, 11, 'destinationCity', 'SSS', '2018-08-24 14:54:32'),
	(116, 11, 'departureDate', '03/09/2018', '2018-08-24 14:54:32'),
	(117, 11, 'returnDarte', '03/09/2018', '2018-08-24 14:54:32'),
	(118, 11, 'message', 'adasda', '2018-08-24 14:54:32'),
	(119, 11, 'know', 'Panrotas', '2018-08-24 14:54:32'),
	(120, 12, 'name_1', '&lt;x&lt;zx&lt;z', '2018-08-24 14:54:32'),
	(121, 12, 'surname_1', '&lt;zxz<', '2018-08-24 14:54:32'),
	(122, 12, 'dob_1', '31/08/2018', '2018-08-24 14:54:32'),
	(123, 12, 'email', 'gabriel@gabriel.gabriel', '2018-08-24 14:54:32'),
	(124, 12, 'phone', 'asdasda', '2018-08-24 14:54:32'),
	(125, 12, 'departureCity', 'SSS', '2018-08-24 14:54:32'),
	(126, 12, 'destinationCity', 'SSS', '2018-08-24 14:54:32'),
	(127, 12, 'departureDate', '02/08/2018', '2018-08-24 14:54:32'),
	(128, 12, 'returnDarte', '06/08/2018', '2018-08-24 14:54:32'),
	(129, 12, 'message', 'asdasd', '2018-08-24 14:54:32'),
	(130, 12, 'know', 'Revistas', '2018-08-24 14:54:32'),
	(131, 13, 'name_1', 'asdsd', '2018-08-24 14:54:32'),
	(132, 13, 'surname_1', '&lt;zxz<', '2018-08-24 14:54:32'),
	(133, 13, 'dob_1', '23/08/2018', '2018-08-24 14:54:32'),
	(134, 13, 'email', 'gabriel@gabriel.gabriel', '2018-08-24 14:54:32'),
	(135, 13, 'phone', 'asdasda', '2018-08-24 14:54:32'),
	(136, 13, 'departureCity', 'SSS', '2018-08-24 14:54:32'),
	(137, 13, 'destinationCity', 'adsasd', '2018-08-24 14:54:32'),
	(138, 13, 'departureDate', '03/09/2018', '2018-08-24 14:54:32'),
	(139, 13, 'returnDarte', '27/08/2018', '2018-08-24 14:54:32'),
	(140, 13, 'message', 'sadasd', '2018-08-24 14:54:32'),
	(141, 13, 'know', 'Panrotas', '2018-08-24 14:54:32'),
	(142, 14, 'name_1', '&lt;x&lt;zx&lt;z', '2018-08-24 14:54:32'),
	(143, 14, 'surname_1', '&lt;zxz<', '2018-08-24 14:54:32'),
	(144, 14, 'dob_1', '03/09/2018', '2018-08-24 14:54:32'),
	(145, 14, 'email', 'gabriel@gabriel.gabriel', '2018-08-24 14:54:32'),
	(146, 14, 'phone', 'asdasda', '2018-08-24 14:54:32'),
	(147, 14, 'departureCity', 'SSS', '2018-08-24 14:54:32'),
	(148, 14, 'destinationCity', 'SSS', '2018-08-24 14:54:32'),
	(149, 14, 'departureDate', '27/08/2018', '2018-08-24 14:54:32'),
	(150, 14, 'returnDarte', '20/08/2018', '2018-08-24 14:54:32'),
	(151, 14, 'message', '\r\nasdasd', '2018-08-24 14:54:32'),
	(152, 14, 'know', 'Panrotas', '2018-08-24 14:54:32'),
	(153, 15, 'name_1', '&lt;x&lt;zx&lt;z', '2018-08-24 14:54:32'),
	(154, 15, 'surname_1', '&lt;zxz<', '2018-08-24 14:54:32'),
	(155, 15, 'dob_1', '03/09/2018', '2018-08-24 14:54:32'),
	(156, 15, 'email', 'gabriel@gabriel.gabriel', '2018-08-24 14:54:32'),
	(157, 15, 'phone', 'asdasda', '2018-08-24 14:54:32'),
	(158, 15, 'departureCity', 'SSS', '2018-08-24 14:54:32'),
	(159, 15, 'destinationCity', 'SSS', '2018-08-24 14:54:32'),
	(160, 15, 'departureDate', '27/08/2018', '2018-08-24 14:54:32'),
	(161, 15, 'returnDarte', '20/08/2018', '2018-08-24 14:54:32'),
	(162, 15, 'message', '\r\nasdasd', '2018-08-24 14:54:32'),
	(163, 15, 'know', 'Panrotas', '2018-08-24 14:54:32'),
	(164, 16, 'name_1', '&lt;x&lt;zx&lt;z', '2018-08-24 14:54:32'),
	(165, 16, 'surname_1', '&lt;zxz<', '2018-08-24 14:54:32'),
	(166, 16, 'dob_1', '03/09/2018', '2018-08-24 14:54:32'),
	(167, 16, 'email', 'gabriel@gabriel.gabriel', '2018-08-24 14:54:32'),
	(168, 16, 'phone', 'asdasda', '2018-08-24 14:54:32'),
	(169, 16, 'departureCity', 'SSS', '2018-08-24 14:54:32'),
	(170, 16, 'destinationCity', 'SSS', '2018-08-24 14:54:32'),
	(171, 16, 'departureDate', '27/08/2018', '2018-08-24 14:54:32'),
	(172, 16, 'returnDarte', '20/08/2018', '2018-08-24 14:54:32'),
	(173, 16, 'message', '\r\nasdasd', '2018-08-24 14:54:32'),
	(174, 16, 'know', 'Panrotas', '2018-08-24 14:54:32'),
	(175, 17, 'name_1', 'asdsd', '2018-08-24 14:54:32'),
	(176, 17, 'surname_1', 'asdsd', '2018-08-24 14:54:32'),
	(177, 17, 'dob_1', '20/08/2018', '2018-08-24 14:54:32'),
	(178, 17, 'email', 'gabriel@gabriel.gabriel', '2018-08-24 14:54:32'),
	(179, 17, 'phone', 'asdasda', '2018-08-24 14:54:32'),
	(180, 17, 'departureCity', 'SSS', '2018-08-24 14:54:32'),
	(181, 17, 'destinationCity', 'adsasd', '2018-08-24 14:54:32'),
	(182, 17, 'departureDate', '05/09/2018', '2018-08-24 14:54:32'),
	(183, 17, 'returnDarte', '29/08/2018', '2018-08-24 14:54:32'),
	(184, 17, 'message', 'sdsad', '2018-08-24 14:54:32'),
	(185, 17, 'know', 'Panrotas', '2018-08-24 14:54:32'),
	(186, 18, 'name_1', 'asdsd', '2018-08-24 14:54:32'),
	(187, 18, 'surname_1', 'asdsd', '2018-08-24 14:54:32'),
	(188, 18, 'dob_1', '20/08/2018', '2018-08-24 14:54:32'),
	(189, 18, 'email', 'gabriel@gabriel.gabriel', '2018-08-24 14:54:32'),
	(190, 18, 'phone', 'asdasda', '2018-08-24 14:54:32'),
	(191, 18, 'departureCity', 'SSS', '2018-08-24 14:54:32'),
	(192, 18, 'destinationCity', 'adsasd', '2018-08-24 14:54:32'),
	(193, 18, 'departureDate', '05/09/2018', '2018-08-24 14:54:32'),
	(194, 18, 'returnDarte', '29/08/2018', '2018-08-24 14:54:32'),
	(195, 18, 'message', 'sdsad', '2018-08-24 14:54:32'),
	(196, 18, 'know', 'Panrotas', '2018-08-24 14:54:32'),
	(197, 19, 'name_1', '&lt;x&lt;zx&lt;z', '2018-08-24 14:54:32'),
	(198, 19, 'surname_1', '&lt;zxz<', '2018-08-24 14:54:32'),
	(199, 19, 'dob_1', '27/08/2018', '2018-08-24 14:54:32'),
	(200, 19, 'email', 'gabriel@gabriel.gabriel', '2018-08-24 14:54:32'),
	(201, 19, 'phone', 'asdasda', '2018-08-24 14:54:32'),
	(202, 19, 'departureCity', 'SSS', '2018-08-24 14:54:32'),
	(203, 19, 'destinationCity', 'SSS', '2018-08-24 14:54:32'),
	(204, 19, 'departureDate', '27/08/2018', '2018-08-24 14:54:32'),
	(205, 19, 'returnDarte', '27/08/2018', '2018-08-24 14:54:32'),
	(206, 19, 'message', 'asdd', '2018-08-24 14:54:32'),
	(207, 19, 'know', 'Google', '2018-08-24 14:54:32'),
	(208, 20, 'name_1', '&lt;x&lt;zx&lt;z', '2018-08-24 14:54:32'),
	(209, 20, 'surname_1', '&lt;zxz<', '2018-08-24 14:54:32'),
	(210, 20, 'dob_1', '27/08/2018', '2018-08-24 14:54:32'),
	(211, 20, 'email', 'gabriel@gabriel.gabriel', '2018-08-24 14:54:32'),
	(212, 20, 'phone', 'asdasda', '2018-08-24 14:54:32'),
	(213, 20, 'departureCity', 'SSS', '2018-08-24 14:54:32'),
	(214, 20, 'destinationCity', 'SSS', '2018-08-24 14:54:32'),
	(215, 20, 'departureDate', '27/08/2018', '2018-08-24 14:54:32'),
	(216, 20, 'returnDarte', '27/08/2018', '2018-08-24 14:54:32'),
	(217, 20, 'message', 'asdd', '2018-08-24 14:54:32'),
	(218, 20, 'know', 'Google', '2018-08-24 14:54:32'),
	(219, 21, 'name_1', '&lt;x&lt;zx&lt;z', '2018-08-24 14:54:32'),
	(220, 21, 'surname_1', '&lt;zxz<', '2018-08-24 14:54:32'),
	(221, 21, 'dob_1', '27/08/2018', '2018-08-24 14:54:32'),
	(222, 21, 'email', 'gabriel@gabriel.gabriel', '2018-08-24 14:54:32'),
	(223, 21, 'phone', 'asdasda', '2018-08-24 14:54:32'),
	(224, 21, 'departureCity', 'SSS', '2018-08-24 14:54:32'),
	(225, 21, 'destinationCity', 'SSS', '2018-08-24 14:54:32'),
	(226, 21, 'departureDate', '27/08/2018', '2018-08-24 14:54:32'),
	(227, 21, 'returnDarte', '27/08/2018', '2018-08-24 14:54:32'),
	(228, 21, 'message', 'asdd', '2018-08-24 14:54:32'),
	(229, 21, 'know', 'Google', '2018-08-24 14:54:32'),
	(230, 22, 'name_1', '&lt;x&lt;zx&lt;z', '2018-08-24 14:54:32'),
	(231, 22, 'surname_1', '&lt;zxz<', '2018-08-24 14:54:32'),
	(232, 22, 'dob_1', '27/08/2018', '2018-08-24 14:54:32'),
	(233, 22, 'email', 'gabriel@gabriel.gabriel', '2018-08-24 14:54:32'),
	(234, 22, 'phone', 'asdasda', '2018-08-24 14:54:32'),
	(235, 22, 'departureCity', 'SSS', '2018-08-24 14:54:32'),
	(236, 22, 'destinationCity', 'SSS', '2018-08-24 14:54:32'),
	(237, 22, 'departureDate', '27/08/2018', '2018-08-24 14:54:32'),
	(238, 22, 'returnDarte', '27/08/2018', '2018-08-24 14:54:32'),
	(239, 22, 'message', 'asdd', '2018-08-24 14:54:32'),
	(240, 22, 'know', 'Google', '2018-08-24 14:54:32'),
	(241, 23, 'il', 'ras.vibpositive@gmail.com', '2018-08-24 14:54:32'),
	(242, 23, 'sword', '123456', '2018-08-24 14:54:32'),
	(243, 24, 'il', 'ras.vibpositive@gmail.com', '2018-08-24 14:54:32'),
	(244, 24, 'name', '123456', '2018-08-24 14:54:32'),
	(245, 25, 'il', 'ras.vibpositive@gmail.com', '2018-08-24 14:54:32'),
	(246, 25, 'name', 'Gabriel Oliveira', '2018-08-24 14:54:32'),
	(247, 26, 'il', 'ras.vibpositive@gmail.com', '2018-08-24 14:54:32'),
	(248, 26, 'name', 'Gabriel Oliveira', '2018-08-24 14:54:32'),
	(249, 27, 'name_1', '&lt;x&lt;zx&lt;z', '2018-08-24 14:54:32'),
	(250, 27, 'surname_1', '&lt;zxz<', '2018-08-24 14:54:32'),
	(251, 27, 'dob_1', '27/08/2018', '2018-08-24 14:54:32'),
	(252, 27, 'email', 'gabriel@gabriel.gabriel', '2018-08-24 14:54:32'),
	(253, 27, 'phone', 'asdasda', '2018-08-24 14:54:32'),
	(254, 27, 'departureCity', 'SSS', '2018-08-24 14:54:32'),
	(255, 27, 'destinationCity', 'SSS', '2018-08-24 14:54:32'),
	(256, 27, 'departureDate', '27/08/2018', '2018-08-24 14:54:32'),
	(257, 27, 'returnDarte', '27/08/2018', '2018-08-24 14:54:32'),
	(258, 27, 'message', 'asdd', '2018-08-24 14:54:32'),
	(259, 27, 'know', 'Google', '2018-08-24 14:54:32'),
	(260, 28, 'name_1', '&lt;x&lt;zx&lt;z', '2018-08-24 14:54:32'),
	(261, 28, 'surname_1', '&lt;zxz<', '2018-08-24 14:54:32'),
	(262, 28, 'dob_1', '27/08/2018', '2018-08-24 14:54:32'),
	(263, 28, 'email', 'gabriel@gabriel.gabriel', '2018-08-24 14:54:32'),
	(264, 28, 'phone', 'asdasda', '2018-08-24 14:54:32'),
	(265, 28, 'departureCity', 'SSS', '2018-08-24 14:54:32'),
	(266, 28, 'destinationCity', 'SSS', '2018-08-24 14:54:32'),
	(267, 28, 'departureDate', '27/08/2018', '2018-08-24 14:54:32'),
	(268, 28, 'returnDarte', '27/08/2018', '2018-08-24 14:54:32'),
	(269, 28, 'message', 'asdd', '2018-08-24 14:54:32'),
	(270, 28, 'know', 'Google', '2018-08-24 14:54:32'),
	(271, 29, 'name_1', '&lt;x&lt;zx&lt;z', '2018-08-24 14:54:32'),
	(272, 29, 'surname_1', '&lt;zxz<', '2018-08-24 14:54:32'),
	(273, 29, 'dob_1', '27/08/2018', '2018-08-24 14:54:32'),
	(274, 29, 'email', 'gabriel@gabriel.gabriel', '2018-08-24 14:54:32'),
	(275, 29, 'phone', 'asdasda', '2018-08-24 14:54:32'),
	(276, 29, 'departureCity', 'SSS', '2018-08-24 14:54:32'),
	(277, 29, 'destinationCity', 'SSS', '2018-08-24 14:54:32'),
	(278, 29, 'departureDate', '27/08/2018', '2018-08-24 14:54:32'),
	(279, 29, 'returnDarte', '27/08/2018', '2018-08-24 14:54:32'),
	(280, 29, 'message', 'asdd', '2018-08-24 14:54:32'),
	(281, 29, 'know', 'Google', '2018-08-24 14:54:32'),
	(282, 30, 'name_1', '&lt;x&lt;zx&lt;z', '2018-08-24 14:54:32'),
	(283, 30, 'surname_1', '&lt;zxz<', '2018-08-24 14:54:32'),
	(284, 30, 'dob_1', '27/08/2018', '2018-08-24 14:54:32'),
	(285, 30, 'email', 'gabriel@gabriel.gabriel', '2018-08-24 14:54:32'),
	(286, 30, 'phone', 'asdasda', '2018-08-24 14:54:32'),
	(287, 30, 'departureCity', 'SSS', '2018-08-24 14:54:32'),
	(288, 30, 'destinationCity', 'SSS', '2018-08-24 14:54:32'),
	(289, 30, 'departureDate', '27/08/2018', '2018-08-24 14:54:32'),
	(290, 30, 'returnDarte', '27/08/2018', '2018-08-24 14:54:32'),
	(291, 30, 'message', 'asdd', '2018-08-24 14:54:32'),
	(292, 30, 'know', 'Google', '2018-08-24 14:54:32'),
	(293, 31, 'name_1', '&lt;x&lt;zx&lt;z', '2018-08-24 14:54:32'),
	(294, 31, 'surname_1', '&lt;zxz<', '2018-08-24 14:54:32'),
	(295, 31, 'dob_1', '27/08/2018', '2018-08-24 14:54:32'),
	(296, 31, 'email', 'gabriel@gabriel.gabriel', '2018-08-24 14:54:32'),
	(297, 31, 'phone', 'asdasda', '2018-08-24 14:54:32'),
	(298, 31, 'departureCity', 'SSS', '2018-08-24 14:54:32'),
	(299, 31, 'destinationCity', 'SSS', '2018-08-24 14:54:32'),
	(300, 31, 'departureDate', '27/08/2018', '2018-08-24 14:54:32'),
	(301, 31, 'returnDarte', '27/08/2018', '2018-08-24 14:54:32'),
	(302, 31, 'message', 'asdd', '2018-08-24 14:54:32'),
	(303, 31, 'know', 'Google', '2018-08-24 14:54:32'),
	(304, 32, 'name_1', '&lt;x&lt;zx&lt;z', '2018-08-24 14:54:32'),
	(305, 32, 'surname_1', '&lt;zxz<', '2018-08-24 14:54:32'),
	(306, 32, 'dob_1', '27/08/2018', '2018-08-24 14:54:32'),
	(307, 32, 'email', 'gabriel@gabriel.gabriel', '2018-08-24 14:54:32'),
	(308, 32, 'phone', 'asdasda', '2018-08-24 14:54:32'),
	(309, 32, 'departureCity', 'SSS', '2018-08-24 14:54:32'),
	(310, 32, 'destinationCity', 'SSS', '2018-08-24 14:54:32'),
	(311, 32, 'departureDate', '27/08/2018', '2018-08-24 14:54:32'),
	(312, 32, 'returnDarte', '27/08/2018', '2018-08-24 14:54:32'),
	(313, 32, 'message', 'asdd', '2018-08-24 14:54:32'),
	(314, 32, 'know', 'Google', '2018-08-24 14:54:32'),
	(315, 33, 'name_1', '&lt;x&lt;zx&lt;z', '2018-08-24 14:54:32'),
	(316, 33, 'surname_1', '&lt;zxz<', '2018-08-24 14:54:32'),
	(317, 33, 'dob_1', '27/08/2018', '2018-08-24 14:54:32'),
	(318, 33, 'email', 'gabriel@gabriel.gabriel', '2018-08-24 14:54:32'),
	(319, 33, 'phone', 'asdasda', '2018-08-24 14:54:32'),
	(320, 33, 'departureCity', 'SSS', '2018-08-24 14:54:32'),
	(321, 33, 'destinationCity', 'SSS', '2018-08-24 14:54:32'),
	(322, 33, 'departureDate', '27/08/2018', '2018-08-24 14:54:32'),
	(323, 33, 'returnDarte', '27/08/2018', '2018-08-24 14:54:32'),
	(324, 33, 'message', 'asdd', '2018-08-24 14:54:32'),
	(325, 33, 'know', 'Google', '2018-08-24 14:54:32'),
	(326, 34, 'name_1', '&lt;x&lt;zx&lt;z', '2018-08-24 14:54:32'),
	(327, 34, 'surname_1', '&lt;zxz<', '2018-08-24 14:54:32'),
	(328, 34, 'dob_1', '27/08/2018', '2018-08-24 14:54:32'),
	(329, 34, 'email', 'gabriel@gabriel.gabriel', '2018-08-24 14:54:32'),
	(330, 34, 'phone', 'asdasda', '2018-08-24 14:54:32'),
	(331, 34, 'departureCity', 'SSS', '2018-08-24 14:54:32'),
	(332, 34, 'destinationCity', 'SSS', '2018-08-24 14:54:32'),
	(333, 34, 'departureDate', '27/08/2018', '2018-08-24 14:54:32'),
	(334, 34, 'returnDarte', '27/08/2018', '2018-08-24 14:54:32'),
	(335, 34, 'message', 'asdd', '2018-08-24 14:54:32'),
	(336, 34, 'know', 'Google', '2018-08-24 14:54:32'),
	(337, 35, 'name_1', '&lt;x&lt;zx&lt;z', '2018-08-24 14:54:32'),
	(338, 35, 'surname_1', '&lt;zxz<', '2018-08-24 14:54:32'),
	(339, 35, 'dob_1', '27/08/2018', '2018-08-24 14:54:32'),
	(340, 35, 'email', 'gabriel@gabriel.gabriel', '2018-08-24 14:54:32'),
	(341, 35, 'phone', 'asdasda', '2018-08-24 14:54:32'),
	(342, 35, 'departureCity', 'SSS', '2018-08-24 14:54:32'),
	(343, 35, 'destinationCity', 'SSS', '2018-08-24 14:54:32'),
	(344, 35, 'departureDate', '27/08/2018', '2018-08-24 14:54:32'),
	(345, 35, 'returnDarte', '27/08/2018', '2018-08-24 14:54:32'),
	(346, 35, 'message', 'asdd', '2018-08-24 14:54:32'),
	(347, 35, 'know', 'Google', '2018-08-24 14:54:32'),
	(348, 36, 'il', 'ras.vibpositive@gmail.com', '2018-08-24 14:54:32'),
	(349, 36, 'name', 'Gabriel Oliveira', '2018-08-24 14:54:32'),
	(350, 37, 'name_1', 'aaaaa', '2018-08-24 14:54:32'),
	(351, 37, 'surname_1', 'aaaaaaaaaaaaaaaaaaaaaaaaa', '2018-08-24 14:54:32'),
	(352, 37, 'dob_1', '21/08/2018', '2018-08-24 14:54:32'),
	(353, 37, 'email', 'aaaaaaaaaaaaaaaaaaaaaa@aaa.com', '2018-08-24 14:54:32'),
	(354, 37, 'phone', 'aaaaa', '2018-08-24 14:54:32'),
	(355, 37, 'departureCity', 'aaaaa', '2018-08-24 14:54:32'),
	(356, 37, 'destinationCity', 'aaa', '2018-08-24 14:54:32'),
	(357, 37, 'departureDate', '21/08/2018', '2018-08-24 14:54:32'),
	(358, 37, 'returnDarte', '21/08/2018', '2018-08-24 14:54:32'),
	(359, 37, 'message', 'aaa', '2018-08-24 14:54:32'),
	(360, 37, 'know', 'Google', '2018-08-24 14:54:32'),
	(361, 38, 'name_1', 'aaaaa', '2018-08-24 14:54:32'),
	(362, 38, 'surname_1', 'aaaaaaaaaaaaaaaaaaaaaaaaa', '2018-08-24 14:54:32'),
	(363, 38, 'dob_1', '21/08/2018', '2018-08-24 14:54:32'),
	(364, 38, 'email', 'aaaaaaaaaaaaaaaaaaaaaa@aaa.com', '2018-08-24 14:54:32'),
	(365, 38, 'phone', 'aaaaa', '2018-08-24 14:54:32'),
	(366, 38, 'departureCity', 'aaaaa', '2018-08-24 14:54:32'),
	(367, 38, 'destinationCity', 'aaa', '2018-08-24 14:54:32'),
	(368, 38, 'departureDate', '21/08/2018', '2018-08-24 14:54:32'),
	(369, 38, 'returnDarte', '21/08/2018', '2018-08-24 14:54:32'),
	(370, 38, 'message', 'aaa', '2018-08-24 14:54:32'),
	(371, 38, 'know', 'Panrotas', '2018-08-24 14:54:32'),
	(372, 39, 'name_1', 'aaaaa', '2018-08-24 14:54:32'),
	(373, 39, 'surname_1', 'Flight', '2018-08-24 14:54:32'),
	(374, 39, 'dob_1', '04/09/2018', '2018-08-24 14:54:32'),
	(375, 39, 'email', 'f@g.com', '2018-08-24 14:54:32'),
	(376, 39, 'phone', 'asd4as5d4', '2018-08-24 14:54:32'),
	(377, 39, 'departureCity', 'Dsa45dsd654', '2018-08-24 14:54:32'),
	(378, 39, 'destinationCity', 'asd64as6d4', '2018-08-24 14:54:32'),
	(379, 39, 'departureDate', '28/08/2018', '2018-08-24 14:54:32'),
	(380, 39, 'returnDarte', '28/08/2018', '2018-08-24 14:54:32'),
	(381, 39, 'message', 'sdsad', '2018-08-24 14:54:32'),
	(382, 39, 'know', 'Google', '2018-08-24 14:54:32'),
	(383, 40, 'name_1', 'Flight', '2018-08-24 14:54:32'),
	(384, 40, 'surname_1', 'aaaaaaaaaaaaaaaaaaaaaaaaa', '2018-08-24 14:54:32'),
	(385, 40, 'dob_1', '04/09/2018', '2018-08-24 14:54:32'),
	(386, 40, 'email', 'f@g.com', '2018-08-24 14:54:32'),
	(387, 40, 'phone', 'aaaaa', '2018-08-24 14:54:32'),
	(388, 40, 'departureCity', 'Dsa45dsd654', '2018-08-24 14:54:32'),
	(389, 40, 'destinationCity', 'asd64as6d4', '2018-08-24 14:54:32'),
	(390, 40, 'departureDate', '29/08/2018', '2018-08-24 14:54:32'),
	(391, 40, 'returnDarte', '16/08/2018', '2018-08-24 14:54:32'),
	(392, 40, 'message', 'Message...', '2018-08-24 14:54:32'),
	(393, 40, 'know', 'Panrotas', '2018-08-24 14:54:32'),
	(394, 41, 'name_1', 'aaaaa', '2018-08-24 14:54:32'),
	(395, 41, 'surname_1', 'aaaaaaaaaaaaaaaaaaaaaaaaa', '2018-08-24 14:54:32'),
	(396, 41, 'dob_1', '28/08/2018', '2018-08-24 14:54:32'),
	(397, 41, 'email', 'aaaaaaaaaaaaaaaaaaaaaa@aaa.com', '2018-08-24 14:54:32'),
	(398, 41, 'phone', 'asd4as5d4', '2018-08-24 14:54:32'),
	(399, 41, 'departureCity', 'Dsa45dsd654', '2018-08-24 14:54:32'),
	(400, 41, 'destinationCity', 'asd64as6d4', '2018-08-24 14:54:32'),
	(401, 41, 'departureDate', '04/09/2018', '2018-08-24 14:54:32'),
	(402, 41, 'returnDarte', '28/08/2018', '2018-08-24 14:54:32'),
	(403, 41, 'message', 'asddas', '2018-08-24 14:54:32'),
	(404, 41, 'know', 'Google', '2018-08-24 14:54:32'),
	(405, 42, 'name_1', 'aaaaa', '2018-08-24 14:54:32'),
	(406, 42, 'surname_1', 'aaaaaaaaaaaaaaaaaaaaaaaaa', '2018-08-24 14:54:32'),
	(407, 42, 'dob_1', '04/09/2018', '2018-08-24 14:54:32'),
	(408, 42, 'email', 'f@g.com', '2018-08-24 14:54:32'),
	(409, 42, 'phone', 'asd4as5d4', '2018-08-24 14:54:32'),
	(410, 42, 'departureCity', 'Dsa45dsd654', '2018-08-24 14:54:32'),
	(411, 42, 'destinationCity', 'asd64as6d4', '2018-08-24 14:54:32'),
	(412, 42, 'departureDate', '28/08/2018', '2018-08-24 14:54:32'),
	(413, 42, 'returnDarte', '28/08/2018', '2018-08-24 14:54:32'),
	(414, 42, 'message', '\r\n', '2018-08-24 14:54:32'),
	(415, 42, 'know', 'Google', '2018-08-24 14:54:32'),
	(416, 43, 'name_1', 'aaaaa', '2018-08-24 14:54:32'),
	(417, 43, 'surname_1', 'aaaaaaaaaaaaaaaaaaaaaaaaa', '2018-08-24 14:54:32'),
	(418, 43, 'dob_1', '28/08/2018', '2018-08-24 14:54:32'),
	(419, 43, 'email', 'f@g.com', '2018-08-24 14:54:32'),
	(420, 43, 'phone', 'asd4as5d4', '2018-08-24 14:54:32'),
	(421, 43, 'departureCity', 'Dsa45dsd654', '2018-08-24 14:54:32'),
	(422, 43, 'destinationCity', 'asd64as6d4', '2018-08-24 14:54:32'),
	(423, 43, 'departureDate', '28/08/2018', '2018-08-24 14:54:32'),
	(424, 43, 'returnDarte', '28/08/2018', '2018-08-24 14:54:32'),
	(425, 43, 'message', 'ASDAD', '2018-08-24 14:54:32'),
	(426, 43, 'know', 'Panrotas', '2018-08-24 14:54:32'),
	(427, 44, 'name_1', 'aaaaa', '2018-08-24 14:54:32'),
	(428, 44, 'surname_1', 'Flight', '2018-08-24 14:54:32'),
	(429, 44, 'dob_1', '22/08/2018', '2018-08-24 14:54:32'),
	(430, 44, 'email', 'f@g.com', '2018-08-24 14:54:32'),
	(431, 44, 'phone', 'asd4as5d4', '2018-08-24 14:54:32'),
	(432, 44, 'departureCity', 'Dsa45dsd654', '2018-08-24 14:54:32'),
	(433, 44, 'destinationCity', 'asd64as6d4', '2018-08-24 14:54:32'),
	(434, 44, 'departureDate', '01/08/2018', '2018-08-24 14:54:32'),
	(435, 44, 'returnDarte', '29/08/2018', '2018-08-24 14:54:32'),
	(436, 44, 'message', 'sfddsfds', '2018-08-24 14:54:32'),
	(437, 44, 'know', 'Google', '2018-08-24 14:54:32'),
	(438, 45, 'name_1', 'Flight', '2018-08-24 14:54:32'),
	(439, 45, 'surname_1', 'aaaaaaaaaaaaaaaaaaaaaaaaa', '2018-08-24 14:54:32'),
	(440, 45, 'dob_1', '28/08/2018', '2018-08-24 14:54:32'),
	(441, 45, 'email', 'f@g.com', '2018-08-24 14:54:32'),
	(442, 45, 'phone', 'asd4as5d4', '2018-08-24 14:54:32'),
	(443, 45, 'departureCity', 'Dsa45dsd654', '2018-08-24 14:54:32'),
	(444, 45, 'destinationCity', 'asd64as6d4', '2018-08-24 14:54:32'),
	(445, 45, 'departureDate', '28/08/2018', '2018-08-24 14:54:32'),
	(446, 45, 'returnDarte', '28/08/2018', '2018-08-24 14:54:32'),
	(447, 45, 'message', 'asdasdad', '2018-08-24 14:54:32'),
	(448, 45, 'know', 'Google', '2018-08-24 14:54:32'),
	(449, 46, 'name_1', 'Flight', '2018-08-24 14:54:32'),
	(450, 46, 'surname_1', 'Flight', '2018-08-24 14:54:32'),
	(451, 46, 'dob_1', '04/09/2018', '2018-08-24 14:54:32'),
	(452, 46, 'email', 'f@g.com', '2018-08-24 14:54:32'),
	(453, 46, 'phone', 'asd4as5d4', '2018-08-24 14:54:32'),
	(454, 46, 'departureCity', 'aaaaa', '2018-08-24 14:54:32'),
	(455, 46, 'destinationCity', 'asd64as6d4', '2018-08-24 14:54:32'),
	(456, 46, 'departureDate', '22/08/2018', '2018-08-24 14:54:32'),
	(457, 46, 'returnDarte', '31/08/2018', '2018-08-24 14:54:32'),
	(458, 46, 'message', 'dfsdf', '2018-08-24 14:54:32'),
	(459, 46, 'know', 'Panrotas', '2018-08-24 14:54:32'),
	(460, 47, 'name_1', 'aaaaa', '2018-08-24 14:54:32'),
	(461, 47, 'surname_1', 'aaaaaaaaaaaaaaaaaaaaaaaaa', '2018-08-24 14:54:32'),
	(462, 47, 'dob_1', '28/08/2018', '2018-08-24 14:54:32'),
	(463, 47, 'email', 'f@g.com', '2018-08-24 14:54:32'),
	(464, 47, 'phone', 'asd4as5d4', '2018-08-24 14:54:32'),
	(465, 47, 'departureCity', 'Dsa45dsd654', '2018-08-24 14:54:32'),
	(466, 47, 'destinationCity', 'asd64as6d4', '2018-08-24 14:54:32'),
	(467, 47, 'departureDate', '28/08/2018', '2018-08-24 14:54:32'),
	(468, 47, 'returnDarte', '28/08/2018', '2018-08-24 14:54:32'),
	(469, 47, 'message', 'asdsad', '2018-08-24 14:54:32'),
	(470, 47, 'know', 'Google', '2018-08-24 14:54:32'),
	(471, 48, 'name_1', 'Flight', '2018-08-24 14:54:32'),
	(472, 48, 'surname_1', 'aaaaaaaaaaaaaaaaaaaaaaaaa', '2018-08-24 14:54:32'),
	(473, 48, 'dob_1', '28/08/2018', '2018-08-24 14:54:32'),
	(474, 48, 'email', 'f@g.com', '2018-08-24 14:54:32'),
	(475, 48, 'phone', 'asd4as5d4', '2018-08-24 14:54:32'),
	(476, 48, 'departureCity', 'Dsa45dsd654', '2018-08-24 14:54:32'),
	(477, 48, 'destinationCity', 'asd64as6d4', '2018-08-24 14:54:32'),
	(478, 48, 'departureDate', '28/08/2018', '2018-08-24 14:54:32'),
	(479, 48, 'returnDarte', '28/08/2018', '2018-08-24 14:54:32'),
	(480, 48, 'message', 'asdasd', '2018-08-24 14:54:32'),
	(481, 48, 'know', 'Google', '2018-08-24 14:54:32'),
	(482, 49, 'name_1', 'aaaaa', '2018-08-24 14:54:32'),
	(483, 49, 'surname_1', 'Flight', '2018-08-24 14:54:32'),
	(484, 49, 'dob_1', '28/08/2018', '2018-08-24 14:54:32'),
	(485, 49, 'email', 'f@g.com', '2018-08-24 14:54:32'),
	(486, 49, 'phone', 'asd4as5d4', '2018-08-24 14:54:32'),
	(487, 49, 'departureCity', 'Dsa45dsd654', '2018-08-24 14:54:32'),
	(488, 49, 'destinationCity', 'aaa', '2018-08-24 14:54:32'),
	(489, 49, 'departureDate', '28/08/2018', '2018-08-24 14:54:32'),
	(490, 49, 'returnDarte', '28/08/2018', '2018-08-24 14:54:32'),
	(491, 49, 'message', 'dasds', '2018-08-24 14:54:32'),
	(492, 49, 'know', 'Google', '2018-08-24 14:54:32'),
	(493, 50, 'name_1', 'aaaaa', '2018-08-24 14:54:32'),
	(494, 50, 'surname_1', 'aaaaaaaaaaaaaaaaaaaaaaaaa', '2018-08-24 14:54:32'),
	(495, 50, 'dob_1', '28/08/2018', '2018-08-24 14:54:32'),
	(496, 50, 'email', 'f@g.com', '2018-08-24 14:54:32'),
	(497, 50, 'phone', 'asd4as5d4', '2018-08-24 14:54:32'),
	(498, 50, 'departureCity', 'Dsa45dsd654', '2018-08-24 14:54:32'),
	(499, 50, 'destinationCity', 'asd64as6d4', '2018-08-24 14:54:32'),
	(500, 50, 'departureDate', '28/08/2018', '2018-08-24 14:54:32'),
	(501, 50, 'returnDarte', '28/08/2018', '2018-08-24 14:54:32'),
	(502, 50, 'message', 'asdsa', '2018-08-24 14:54:32'),
	(503, 50, 'know', 'Google', '2018-08-24 14:54:32'),
	(504, 51, 'name_1', 'Kellie Singleton', '2018-08-24 14:54:32'),
	(505, 51, 'surname_1', 'Le', '2018-08-24 14:54:32'),
	(506, 51, 'dob_1', 'Dolorem nisi voluptatem Dolor ut elit aut obcaecati non necessitatibus occaecat reprehenderit eos rerum totam vero', '2018-08-24 14:54:32'),
	(507, 51, 'email', 'nupu@mailinator.net', '2018-08-24 14:54:32'),
	(508, 51, 'phone', '+744-19-6130105', '2018-08-24 14:54:32'),
	(509, 51, 'departureCity', 'Aliqua Reprehenderit laudantium quo ut rem in eum ea tempore dolorem elit itaque est', '2018-08-24 14:54:32'),
	(510, 51, 'destinationCity', 'Nemo esse repellendus Commodo aspernatur ullamco commodo officia dolor excepteur reprehenderit dolor nostrud sunt nihil facere dignissimos possimus', '2018-08-24 14:54:32'),
	(511, 51, 'departureDate', '26-Dec-1996', '2018-08-24 14:54:32'),
	(512, 51, 'returnDarte', 'Et repellendus Maxime explicabo Id', '2018-08-24 14:54:32'),
	(513, 51, 'message', 'Proident doloremque illo eveniet eiusmod fugiat dolore atque odio sit officia iusto eligendi irure sit distinctio Vitae consequatur fuga', '2018-08-24 14:54:32'),
	(514, 51, 'know', 'Google', '2018-08-24 14:54:32'),
	(515, 52, 'name_1', 'Honorato Bates', '2018-08-24 14:54:32'),
	(516, 52, 'surname_1', 'Miles', '2018-08-24 14:54:32'),
	(517, 52, 'dob_1', 'Commodi laborum Facilis omnis mollit nihil necessitatibus in', '2018-08-24 14:54:32'),
	(518, 52, 'email', 'zifyr@mailinator.com', '2018-08-24 14:54:32'),
	(519, 52, 'phone', '+226-14-7572215', '2018-08-24 14:54:32'),
	(520, 52, 'departureCity', 'Incididunt reiciendis omnis at animi quaerat anim facilis culpa minima accusantium molestiae eaque veritatis ad accusamus aut', '2018-08-24 14:54:32'),
	(521, 52, 'destinationCity', 'Minima commodo quod voluptates vitae id', '2018-08-24 14:54:32'),
	(522, 52, 'departureDate', '28-Jan-1971', '2018-08-24 14:54:32'),
	(523, 52, 'returnDarte', 'Voluptatem debitis fuga Harum enim sunt quia esse qui non atque ad ducimus modi ipsam inventore cumque', '2018-08-24 14:54:32'),
	(524, 52, 'message', 'Id consequat Dignissimos id incidunt est reiciendis autem iste eveniet qui eveniet exercitation proident quos impedit iste dolorem ullamco', '2018-08-24 14:54:32'),
	(525, 52, 'know', 'Panrotas', '2018-08-24 14:54:32'),
	(526, 53, 'name_1', 'Cairo Guthrie', '2018-08-24 14:54:32'),
	(527, 53, 'surname_1', 'Ward', '2018-08-24 14:54:32'),
	(528, 53, 'dob_1', 'Quidem ex optio et voluptatem reiciendis non', '2018-08-24 14:54:32'),
	(529, 53, 'email', 'dilola@mailinator.com', '2018-08-24 14:54:32'),
	(530, 53, 'phone', '+671-58-4258722', '2018-08-24 14:54:32'),
	(531, 53, 'departureCity', 'Minim rerum aute et ut cumque aspernatur pariatur', '2018-08-24 14:54:32'),
	(532, 53, 'destinationCity', 'Nostrud pariatur Non aliquam adipisci commodo', '2018-08-24 14:54:32'),
	(533, 53, 'departureDate', '11-Aug-1997', '2018-08-24 14:54:32'),
	(534, 53, 'returnDarte', 'Ut pariatur Ducimus vel perferendis et libero doloribus id obcaecati pariatur Eum ducimus pariatur Duis eum quo esse eiusmod', '2018-08-24 14:54:32'),
	(535, 53, 'message', 'Est dolore quae quam at ad ad et doloribus est ea consequat Animi laborum fugiat proident obcaecati', '2018-08-24 14:54:32'),
	(536, 53, 'know', 'Google', '2018-08-24 14:54:32'),
	(537, 54, 'name_1', 'Alfonso Weber', '2018-08-24 14:54:32'),
	(538, 54, 'surname_1', 'Foreman', '2018-08-24 14:54:32'),
	(539, 54, 'dob_1', 'Quia velit laudantium sed enim sit lorem vero nostrum nisi quo lorem alias aliquam dolorum eaque aut enim architecto', '2018-08-24 14:54:32'),
	(540, 54, 'email', 'jaqe@mailinator.com', '2018-08-24 14:54:32'),
	(541, 54, 'phone', '+811-47-4548731', '2018-08-24 14:54:32'),
	(542, 54, 'departureCity', 'Qui quas ad et accusamus esse sunt facilis obcaecati repudiandae nulla laborum Tempor iusto quis aliqua Deserunt quae', '2018-08-24 14:54:32'),
	(543, 54, 'destinationCity', 'Error accusantium sed deserunt eum mollit omnis amet voluptas do sed voluptatem Optio quia esse aut est', '2018-08-24 14:54:32'),
	(544, 54, 'departureDate', '28-Jan-1975', '2018-08-24 14:54:32'),
	(545, 54, 'returnDarte', 'Et in et dolore unde cum', '2018-08-24 14:54:32'),
	(546, 54, 'message', 'Voluptates est recusandae Proident et consequatur nisi ea qui autem et pariatur Commodo qui', '2018-08-24 14:54:32'),
	(547, 54, 'know', 'Outros', '2018-08-24 14:54:32'),
	(548, 55, 'name_1', 'Tanek Graves', '2018-08-24 14:54:32'),
	(549, 55, 'surname_1', 'Horn', '2018-08-24 14:54:32'),
	(550, 55, 'dob_1', 'Et sint hic consequatur Elit cum voluptates nisi cumque est ullamco non eligendi', '2018-08-24 14:54:32'),
	(551, 55, 'email', 'tuholerule@mailinator.com', '2018-08-24 14:54:32'),
	(552, 55, 'phone', '+916-91-7523747', '2018-08-24 14:54:32'),
	(553, 55, 'departureCity', 'Hic fugiat nihil in aliquam ipsum amet quo cum ex et enim', '2018-08-24 14:54:32'),
	(554, 55, 'destinationCity', 'Autem qui facilis eveniet omnis lorem voluptatibus repudiandae laudantium', '2018-08-24 14:54:32'),
	(555, 55, 'departureDate', '15-Feb-1997', '2018-08-24 14:54:32'),
	(556, 55, 'returnDarte', 'Tempore et qui voluptates accusamus tempor laudantium consectetur saepe architecto odio sit et quo illum beatae', '2018-08-24 14:54:32'),
	(557, 55, 'message', 'Laudantium ut sit dignissimos neque quis quibusdam in in proident ratione vero voluptate id', '2018-08-24 14:54:32'),
	(558, 55, 'know', 'Revistas', '2018-08-24 14:54:32'),
	(559, 56, 'name_1', 'Dante Gilmore', '2018-08-24 14:54:32'),
	(560, 56, 'surname_1', 'Trujillo', '2018-08-24 14:54:32'),
	(561, 56, 'dob_1', 'Assumenda voluptas quisquam commodi reprehenderit distinctio Nostrud occaecat voluptatem voluptas consequatur non atque sint ut', '2018-08-24 14:54:32'),
	(562, 56, 'email', 'vedabeqylo@mailinator.net', '2018-08-24 14:54:32'),
	(563, 56, 'phone', '+824-72-6797137', '2018-08-24 14:54:32'),
	(564, 56, 'departureCity', 'Dolores elit sint consequat Voluptas nisi recusandae Ea ab dolor provident in dolorum voluptate aut', '2018-08-24 14:54:32'),
	(565, 56, 'destinationCity', 'Nostrum quisquam dolor praesentium doloremque illum', '2018-08-24 14:54:32'),
	(566, 56, 'departureDate', '04-Mar-2007', '2018-08-24 14:54:32'),
	(567, 56, 'returnDarte', 'Aut dignissimos voluptate id ad earum inventore voluptatem saepe earum voluptatem odit at', '2018-08-24 14:54:32'),
	(568, 56, 'message', 'Commodo dicta et non et sequi est incididunt mollitia quo voluptatem atque ducimus mollit eos soluta consequat In', '2018-08-24 14:54:32'),
	(569, 56, 'know', 'Outros', '2018-08-24 14:54:32'),
	(570, 57, 'name_1', 'Abraham Floyd', '2018-08-24 14:54:32'),
	(571, 57, 'surname_1', 'Mills', '2018-08-24 14:54:32'),
	(572, 57, 'dob_1', 'Tempore qui enim enim dolorem corporis adipisci laborum ut consequatur aut natus dolorem quia', '2018-08-24 14:54:32'),
	(573, 57, 'email', 'jezazume@mailinator.com', '2018-08-24 14:54:32'),
	(574, 57, 'phone', '+563-16-4891198', '2018-08-24 14:54:32'),
	(575, 57, 'departureCity', 'Odio ipsa laudantium autem obcaecati harum consequatur aute molestiae eiusmod qui et aute earum eaque quisquam aspernatur', '2018-08-24 14:54:32'),
	(576, 57, 'destinationCity', 'Voluptas esse tempora labore qui ut irure sed animi delectus sint', '2018-08-24 14:54:32'),
	(577, 57, 'departureDate', '03-Apr-1998', '2018-08-24 14:54:32'),
	(578, 57, 'returnDarte', 'Recusandae In voluptate eum fugiat', '2018-08-24 14:54:32'),
	(579, 57, 'message', 'Qui quo eius animi hic ullam laboris vero nisi non consequuntur qui fugiat ullam ullamco sint doloremque', '2018-08-24 14:54:32'),
	(580, 57, 'know', 'Instagram', '2018-08-24 14:54:32'),
	(581, 58, 'name_1', 'Sean Mercer', '2018-08-24 14:54:32'),
	(582, 58, 'surname_1', 'Bruce', '2018-08-24 14:54:32'),
	(583, 58, 'dob_1', 'Magna aut iste qui adipisci ut in cum inventore tempor a dolore necessitatibus quas accusamus quas esse est voluptatem', '2018-08-24 14:54:32'),
	(584, 58, 'email', 'nigimi@mailinator.com', '2018-08-24 14:54:32'),
	(585, 58, 'phone', '+485-34-5340853', '2018-08-24 14:54:32'),
	(586, 58, 'departureCity', 'Cupiditate est quisquam in maxime eiusmod fugit qui vero et minima deserunt explicabo Ratione fugit vitae illo expedita sit', '2018-08-24 14:54:32'),
	(587, 58, 'destinationCity', 'Consequat Dolor a officiis sed voluptatum ipsum ut quo cum aliquip veniam culpa aliqua', '2018-08-24 14:54:32'),
	(588, 58, 'departureDate', '13-Apr-2012', '2018-08-24 14:54:32'),
	(589, 58, 'returnDarte', 'Et omnis qui fuga Esse magnam voluptate nihil sunt dolor cumque quod obcaecati sed', '2018-08-24 14:54:32'),
	(590, 58, 'message', 'Voluptate incidunt hic molestias commodi et tenetur delectus', '2018-08-24 14:54:32'),
	(591, 58, 'know', 'Panrotas', '2018-08-24 14:54:32'),
	(592, 59, 'name_1', 'Caleb Bernard', '2018-08-24 14:54:32'),
	(593, 59, 'surname_1', 'Dillon', '2018-08-24 14:54:32'),
	(594, 59, 'dob_1', 'Irure quod ut animi et', '2018-08-24 14:54:32'),
	(595, 59, 'email', 'sekic@mailinator.com', '2018-08-24 14:54:32'),
	(596, 59, 'phone', '+715-54-7435319', '2018-08-24 14:54:32'),
	(597, 59, 'departureCity', 'Quia tempor consequatur laboriosam accusantium officia laborum aspernatur adipisicing', '2018-08-24 14:54:32'),
	(598, 59, 'destinationCity', 'Velit elit vel nostrud corporis nulla enim sit sed provident sint quidem quidem inventore aliquip enim architecto', '2018-08-24 14:54:32'),
	(599, 59, 'departureDate', '24-Sep-1985', '2018-08-24 14:54:32'),
	(600, 59, 'returnDarte', 'Qui qui iure voluptatem aut quidem rerum irure ea enim qui eius perspiciatis', '2018-08-24 14:54:32'),
	(601, 59, 'message', 'Aut sed quidem esse eius odio culpa ea voluptatibus adipisci nemo earum aspernatur molestiae eligendi quis', '2018-08-24 14:54:32'),
	(602, 59, 'know', 'Revistas', '2018-08-24 14:54:32'),
	(603, 60, 'name_1', 'Patricia Castro', '2018-08-24 14:54:32'),
	(604, 60, 'surname_1', 'Ochoa', '2018-08-24 14:54:32'),
	(605, 60, 'dob_1', 'In eos nisi enim aliqua Aut nulla vitae numquam', '2018-08-24 14:54:32'),
	(606, 60, 'email', 'jorucyzo@mailinator.com', '2018-08-24 14:54:32'),
	(607, 60, 'phone', '+934-47-7820714', '2018-08-24 14:54:32'),
	(608, 60, 'departureCity', 'Ut omnis et exercitationem laboris quod est enim ipsum dolores commodi sit itaque', '2018-08-24 14:54:32'),
	(609, 60, 'destinationCity', 'Omnis iusto adipisci quo similique doloribus exercitationem veniam adipisicing et ut illo quia voluptate in ut magnam quis enim', '2018-08-24 14:54:32'),
	(610, 60, 'departureDate', '23-Feb-1979', '2018-08-24 14:54:32'),
	(611, 60, 'returnDarte', 'Saepe deserunt sint enim architecto eos commodo et magnam velit dolor quis non ut eveniet', '2018-08-24 14:54:32'),
	(612, 60, 'message', 'Fugit duis sequi commodi deleniti tenetur quia ipsam dicta optio', '2018-08-24 14:54:32'),
	(613, 60, 'know', 'Panrotas', '2018-08-24 14:54:32'),
	(614, 61, 'name_1', 'aaaaa', '2018-08-24 14:54:32'),
	(615, 61, 'surname_1', 'aaaaaaaaaaaaaaaaaaaaaaaaa', '2018-08-24 14:54:32'),
	(616, 61, 'dob_1', '28/08/2018', '2018-08-24 14:54:32'),
	(617, 61, 'email', 'f@g.com', '2018-08-24 14:54:32'),
	(618, 61, 'phone', 'asd4as5d4', '2018-08-24 14:54:32'),
	(619, 61, 'departureCity', 'Dsa45dsd654', '2018-08-24 14:54:32'),
	(620, 61, 'destinationCity', 'asd64as6d4', '2018-08-24 14:54:32'),
	(621, 61, 'departureDate', '04/09/2018', '2018-08-24 14:54:32'),
	(622, 61, 'returnDarte', '28/08/2018', '2018-08-24 14:54:32'),
	(623, 61, 'message', 'dasda', '2018-08-24 14:54:32'),
	(624, 61, 'know', 'Google', '2018-08-24 14:54:32'),
	(625, 62, 'name_1', 'Wanda Compton', '2018-08-24 14:54:32'),
	(626, 62, 'surname_1', 'Stanley', '2018-08-24 14:54:32'),
	(627, 62, 'dob_1', 'Dolore vero deserunt tempor voluptate eligendi et ducimus hic recusandae Qui optio nesciunt nostrum rerum voluptate excepturi blanditiis', '2018-08-24 14:54:32'),
	(628, 62, 'email', 'tumiqedi@mailinator.net', '2018-08-24 14:54:32'),
	(629, 62, 'phone', '+133-37-8772918', '2018-08-24 14:54:32'),
	(630, 62, 'departureCity', 'Cupidatat quisquam corporis explicabo Minus et blanditiis in omnis laboriosam porro voluptatibus amet quos quasi voluptatem Animi suscipit', '2018-08-24 14:54:32'),
	(631, 62, 'destinationCity', 'Culpa porro repellendus Ad sed eos non nostrud qui autem ea qui aliquip', '2018-08-24 14:54:32'),
	(632, 62, 'departureDate', '06-Oct-1982', '2018-08-24 14:54:32'),
	(633, 62, 'returnDarte', 'Iure est proident iste cupidatat doloremque enim dolore eligendi perferendis maxime quia officia quam in recusandae', '2018-08-24 14:54:32'),
	(634, 62, 'message', 'Harum incididunt et culpa voluptatem A minim cupiditate sed lorem voluptatibus consequatur odio qui aut sit voluptatum consequatur', '2018-08-24 14:54:32'),
	(635, 62, 'know', 'Panrotas', '2018-08-24 14:54:32'),
	(636, 63, 'name_1', 'Rachel Mcneil', '2018-08-24 14:54:32'),
	(637, 63, 'surname_1', 'Mccormick', '2018-08-24 14:54:32'),
	(638, 63, 'dob_1', 'In ut pariatur Elit velit officiis', '2018-08-24 14:54:32'),
	(639, 63, 'email', 'higek@mailinator.net', '2018-08-24 14:54:32'),
	(640, 63, 'phone', '+177-17-2299975', '2018-08-24 14:54:32'),
	(641, 63, 'departureCity', 'Aliquam recusandae Qui eligendi voluptatum nulla et rerum cillum obcaecati laboris consequatur officiis enim nisi voluptate dolorem officiis perspiciatis sint', '2018-08-24 14:54:32'),
	(642, 63, 'destinationCity', 'Recusandae Sit tempora omnis molestiae sit quia possimus doloribus dolores in fuga Voluptatum omnis eum eius facere', '2018-08-24 14:54:32'),
	(643, 63, 'departureDate', '02-Aug-1988', '2018-08-24 14:54:32'),
	(644, 63, 'returnDarte', 'Voluptatem eligendi sint libero aut unde quo ipsum', '2018-08-24 14:54:32'),
	(645, 63, 'message', 'Dolorum ullam quia labore accusamus beatae dolore laboriosam modi id', '2018-08-24 14:54:32'),
	(646, 63, 'know', 'Instagram', '2018-08-24 14:54:32'),
	(647, 64, 'name_1', 'Miriam Gilliam', '2018-08-24 14:54:32'),
	(648, 64, 'surname_1', 'Everett', '2018-08-24 14:54:32'),
	(649, 64, 'dob_1', 'Saepe saepe deserunt veritatis sed sed dolore veniam porro enim velit qui libero', '2018-08-24 14:54:32'),
	(650, 64, 'email', 'fudifiq@mailinator.com', '2018-08-24 14:54:32'),
	(651, 64, 'phone', '+328-93-8041056', '2018-08-24 14:54:32'),
	(652, 64, 'departureCity', 'Sit corporis vel dolore consectetur distinctio A omnis molestias neque sed voluptatem voluptas cum', '2018-08-24 14:54:32'),
	(653, 64, 'destinationCity', 'A ipsam provident pariatur Ut aliqua Eligendi eum dolor fuga Impedit est dolore molestias repudiandae nulla voluptas id adipisicing ut', '2018-08-24 14:54:32'),
	(654, 64, 'departureDate', '25-Jan-2000', '2018-08-24 14:54:32'),
	(655, 64, 'returnDarte', 'Sed vel non eos qui autem iusto est eum quasi et molestiae id tempore', '2018-08-24 14:54:32'),
	(656, 64, 'message', 'Laboriosam deserunt sed sed cupiditate et ut modi adipisci reprehenderit aliquip reprehenderit qui corrupti adipisci', '2018-08-24 14:54:32'),
	(657, 64, 'know', 'Google', '2018-08-24 14:54:32'),
	(658, 65, 'name_1', 'Evangeline Le', '2018-08-24 14:54:32'),
	(659, 65, 'surname_1', 'Cherry', '2018-08-24 14:54:32'),
	(660, 65, 'dob_1', 'Et officiis vitae et quasi officia quia', '2018-08-24 14:54:32'),
	(661, 65, 'email', 'fenuludo@mailinator.net', '2018-08-24 14:54:32'),
	(662, 65, 'phone', '+997-61-2659341', '2018-08-24 14:54:32'),
	(663, 65, 'departureCity', 'Maiores dolores repellendus Ut sed sequi voluptatibus et excepturi ut non sit neque incididunt est omnis fugit aut provident incidunt', '2018-08-24 14:54:32'),
	(664, 65, 'destinationCity', 'Ad vel eum saepe ad suscipit', '2018-08-24 14:54:32'),
	(665, 65, 'departureDate', '06-May-1982', '2018-08-24 14:54:32'),
	(666, 65, 'returnDarte', 'Commodi ad odio consequatur assumenda inventore sed unde voluptatibus quo aut sed voluptas perspiciatis accusantium totam debitis', '2018-08-24 14:54:32'),
	(667, 65, 'message', 'Minim cupiditate ut molestiae ipsum animi', '2018-08-24 14:54:32'),
	(668, 65, 'know', 'Panrotas', '2018-08-24 14:54:32'),
	(669, 66, 'name_1', 'Buffy Berry', '2018-08-24 14:54:32'),
	(670, 66, 'surname_1', 'Moon', '2018-08-24 14:54:32'),
	(671, 66, 'dob_1', 'Lorem eaque corrupti cumque officiis reprehenderit doloribus facere adipisci in fuga Quidem minima expedita eiusmod', '2018-08-24 14:54:32'),
	(672, 66, 'email', 'veroca@mailinator.net', '2018-08-24 14:54:32'),
	(673, 66, 'phone', '+594-88-3262741', '2018-08-24 14:54:32'),
	(674, 66, 'departureCity', 'Sunt laborum culpa et illo aliquid iste magnam modi enim labore Nam quis labore cupiditate veniam veritatis rerum nisi quidem', '2018-08-24 14:54:32'),
	(675, 66, 'destinationCity', 'Qui quia qui laborum Dicta ratione et accusamus quia assumenda omnis magna cupidatat nobis dolor vitae temporibus aut voluptatem dolores', '2018-08-24 14:54:32'),
	(676, 66, 'departureDate', '27-Feb-1992', '2018-08-24 14:54:32'),
	(677, 66, 'returnDarte', 'Quidem aliqua Numquam ex qui ad', '2018-08-24 14:54:32'),
	(678, 66, 'message', 'Est consequatur sit ad perferendis non ex iure tempora doloribus consectetur vero voluptate minima sint qui et ea', '2018-08-24 14:54:32'),
	(679, 66, 'know', 'Facebook', '2018-08-24 14:54:32'),
	(680, 67, 'name_1', 'Gregory Obrien', '2018-08-24 14:54:32'),
	(681, 67, 'surname_1', 'Mercer', '2018-08-24 14:54:32'),
	(682, 67, 'dob_1', 'A nihil excepteur at sunt tenetur atque maxime ullam perspiciatis velit ullamco consectetur quo ea eius similique quam', '2018-08-24 14:54:32'),
	(683, 67, 'email', 'banixerosa@mailinator.net', '2018-08-24 14:54:32'),
	(684, 67, 'phone', '+883-34-5038075', '2018-08-24 14:54:32'),
	(685, 67, 'departureCity', 'Aperiam anim quia consequuntur cum neque et ducimus consectetur in eos', '2018-08-24 14:54:32'),
	(686, 67, 'destinationCity', 'Repellendus Dolore assumenda quaerat sint qui culpa ut', '2018-08-24 14:54:32'),
	(687, 67, 'departureDate', '08-Dec-1996', '2018-08-24 14:54:32'),
	(688, 67, 'returnDarte', 'Adipisci placeat non repudiandae perferendis in id sit', '2018-08-24 14:54:32'),
	(689, 67, 'message', 'Aut voluptatem libero et dolore obcaecati exercitationem occaecat provident quod neque deserunt magnam quo commodi quas Nam placeat animi pariatur', '2018-08-24 14:54:32'),
	(690, 67, 'know', 'Outros', '2018-08-24 14:54:32'),
	(691, 68, 'name_1', 'Joao', '2018-08-24 14:54:32'),
	(692, 68, 'surname_1', 'Ribeiro', '2018-08-24 14:54:32'),
	(693, 68, 'dob_1', '22/08/2018', '2018-08-24 14:54:32'),
	(694, 68, 'email', 'Ribeiro@Ribeiro-com', '2018-08-24 14:54:32'),
	(695, 68, 'phone', 'Ribeiro', '2018-08-24 14:54:32'),
	(696, 68, 'departureCity', 'Ribeiro', '2018-08-24 14:54:32'),
	(697, 68, 'destinationCity', 'Ribeiro', '2018-08-24 14:54:32'),
	(698, 68, 'departureDate', '22/08/2018', '2018-08-24 14:54:32'),
	(699, 68, 'returnDarte', '22/08/2018', '2018-08-24 14:54:32'),
	(700, 68, 'message', 'Ribeiro', '2018-08-24 14:54:32'),
	(701, 68, 'know', 'Google', '2018-08-24 14:54:32'),
	(702, 69, 'name_1', 'Gabriel', '2018-08-24 14:54:32'),
	(703, 69, 'surname_1', 'Oliveira', '2018-08-24 14:54:32'),
	(704, 69, 'dob_1', '21/02/1988', '2018-08-24 14:54:32'),
	(705, 69, 'email', 'joao@pe.com', '2018-08-24 14:54:32'),
	(706, 69, 'phone', '0834621777', '2018-08-24 14:54:32'),
	(707, 69, 'departureCity', 'Caracas', '2018-08-24 14:54:32'),
	(708, 69, 'destinationCity', 'Dublin', '2018-08-24 14:54:32'),
	(709, 69, 'departureDate', '21/02/2019', '2018-08-24 14:54:32'),
	(710, 69, 'returnDarte', '21/02/2020', '2018-08-24 14:54:32'),
	(711, 69, 'message', 'Mensagem do Gabriel', '2018-08-24 14:54:32'),
	(712, 69, 'wn', 'Facebook', '2018-08-24 14:54:32'),
	(713, 70, 'name_1', 'Camilla Clark', '2018-08-24 14:54:32'),
	(714, 70, 'surname_1', 'Mcclain', '2018-08-24 14:54:32'),
	(715, 70, 'dob_1', 'Atque et quae sit ullam', '2018-08-24 14:54:32'),
	(716, 70, 'email', 'hucohime@mailinator.net', '2018-08-24 14:54:32'),
	(717, 70, 'phone', '+496-84-4200033', '2018-08-24 14:54:32'),
	(718, 70, 'departureCity', 'Incidunt occaecat qui inventore voluptates aut nobis ut elit temporibus', '2018-08-24 14:54:32'),
	(719, 70, 'destinationCity', 'Necessitatibus eiusmod est earum voluptatem Id eius necessitatibus aut rem harum expedita dolore labore', '2018-08-24 14:54:32'),
	(720, 70, 'departureDate', '13-Sep-1990', '2018-08-24 14:54:32'),
	(721, 70, 'returnDarte', 'Sed vero qui tempore nulla magna fuga Perferendis culpa eum nostrud voluptatibus qui asperiores beatae ut placeat', '2018-08-24 14:54:32'),
	(722, 70, 'message', 'Alias ab aut modi et nostrum illum voluptates cupiditate quia laborum In dolores cumque quam magna voluptatem debitis', '2018-08-24 14:54:32'),
	(723, 70, 'know', 'Google', '2018-08-24 14:54:32'),
	(724, 71, 'name_1', 'Tallulah Luna', '2018-08-24 14:54:32'),
	(725, 71, 'surname_1', 'Noble', '2018-08-24 14:54:32'),
	(726, 71, 'dob_1', 'Sequi mollitia enim illo proident vitae voluptatem In et', '2018-08-24 14:54:32'),
	(727, 71, 'email', 'fujiloc@mailinator.net', '2018-08-24 14:54:32'),
	(728, 71, 'phone', '+131-52-6930591', '2018-08-24 14:54:32'),
	(729, 71, 'departureCity', 'Dolorum soluta aut quo iste repudiandae voluptatum', '2018-08-24 14:54:32'),
	(730, 71, 'destinationCity', 'Voluptatem odio dolores ea omnis', '2018-08-24 14:54:32'),
	(731, 71, 'departureDate', '16-Jun-1987', '2018-08-24 14:54:32'),
	(732, 71, 'returnDarte', 'Adipisicing sapiente ut sapiente est in beatae repudiandae ex sed est aliquid sed eaque error in', '2018-08-24 14:54:32'),
	(733, 71, 'message', 'Aperiam nostrum quia lorem vel consequat Voluptatum anim id esse itaque non molestiae', '2018-08-24 14:54:32'),
	(734, 71, 'know', 'Panrotas', '2018-08-24 14:54:32'),
	(735, 72, 'name_1', 'Ora Harvey', '2018-08-24 14:54:32'),
	(736, 72, 'surname_1', 'Bean', '2018-08-24 14:54:32'),
	(737, 72, 'dob_1', 'Iste pariatur Dolor dolorem culpa qui adipisci consequat Iste consequatur Numquam obcaecati asperiores', '2018-08-24 14:54:32'),
	(738, 72, 'email', 'cyvylujado@mailinator.net', '2018-08-24 14:54:32'),
	(739, 72, 'phone', '+965-83-7701878', '2018-08-24 14:54:32'),
	(740, 72, 'departureCity', 'Facilis eu voluptatem voluptatem Fuga Neque duis', '2018-08-24 14:54:32'),
	(741, 72, 'destinationCity', 'Harum a aperiam qui quibusdam eaque eum eiusmod illo', '2018-08-24 14:54:32'),
	(742, 72, 'departureDate', '10-May-2007', '2018-08-24 14:54:32'),
	(743, 72, 'returnDarte', 'Dolore est fugiat atque aliquam minus neque ducimus', '2018-08-24 14:54:32'),
	(744, 72, 'message', 'Error veniam non quidem rerum officiis', '2018-08-24 14:54:32'),
	(745, 72, 'know', 'Revistas', '2018-08-24 14:54:32'),
	(746, 73, 'name_1', 'Kimberly Frost', '2018-08-24 14:54:32'),
	(747, 73, 'surname_1', 'Stephenson', '2018-08-24 14:54:32'),
	(748, 73, 'dob_1', 'Quod omnis sint ipsum magnam blanditiis', '2018-08-24 14:54:32'),
	(749, 73, 'email', 'vakus@mailinator.com', '2018-08-24 14:54:32'),
	(750, 73, 'phone', '+552-37-6281860', '2018-08-24 14:54:32'),
	(751, 73, 'departureCity', 'Sed pariatur Aut non aliqua Ut deserunt ullamco laborum magnam id quis iusto voluptatem', '2018-08-24 14:54:32'),
	(752, 73, 'destinationCity', 'Autem ipsum consequatur sequi enim iure cupiditate', '2018-08-24 14:54:32'),
	(753, 73, 'departureDate', '22-Feb-2009', '2018-08-24 14:54:32'),
	(754, 73, 'returnDarte', 'Omnis ex commodi cumque maxime id et sit reiciendis commodi impedit recusandae Exercitation suscipit repellendus', '2018-08-24 14:54:32'),
	(755, 73, 'message', 'Est impedit vero maxime ipsum voluptate ad', '2018-08-24 14:54:32'),
	(756, 73, 'know', 'Outros', '2018-08-24 14:54:32'),
	(757, 74, 'name_1', 'Jana Oneil', '2018-08-24 14:54:32'),
	(758, 74, 'surname_1', 'Flores', '2018-08-24 14:54:32'),
	(759, 74, 'dob_1', 'Soluta illum laborum Tenetur sunt sunt exercitationem ut non consectetur error odio enim eius sed perspiciatis', '2018-08-24 14:54:32'),
	(760, 74, 'email', 'lybohydo@mailinator.net', '2018-08-24 14:54:32'),
	(761, 74, 'phone', '+699-45-7025832', '2018-08-24 14:54:32'),
	(762, 74, 'departureCity', 'Dolorem velit recusandae Assumenda non quia corrupti beatae consequuntur', '2018-08-24 14:54:32'),
	(763, 74, 'destinationCity', 'Est sed voluptatem ipsam aut maiores consequatur eum nobis inventore ipsam', '2018-08-24 14:54:32'),
	(764, 74, 'departureDate', '12-Aug-2017', '2018-08-24 14:54:32'),
	(765, 74, 'returnDarte', 'Enim et est sit culpa qui nemo quia eos aliquid molestias qui et', '2018-08-24 14:54:32'),
	(766, 74, 'message', 'Ut non consequat Numquam dolores iusto aut', '2018-08-24 14:54:32'),
	(767, 74, 'know', 'Revistas', '2018-08-24 14:54:32'),
	(768, 75, 'name_1', 'Rina Decker', '2018-08-24 14:54:32'),
	(769, 75, 'surname_1', 'Cooley', '2018-08-24 14:54:32'),
	(770, 75, 'dob_1', 'Aut in sequi et dolores nisi mollitia eos proident id qui omnis cum cum accusamus voluptate a modi quia cupiditate', '2018-08-24 14:54:32'),
	(771, 75, 'email', 'deqalacuto@mailinator.com', '2018-08-24 14:54:32'),
	(772, 75, 'phone', '+847-20-9437531', '2018-08-24 14:54:32'),
	(773, 75, 'departureCity', 'Consequatur Ipsum deserunt adipisicing exercitation reiciendis in sed illo ipsa ex Nam earum voluptas possimus eum voluptatem ducimus', '2018-08-24 14:54:32'),
	(774, 75, 'destinationCity', 'Quaerat nobis laborum eveniet ipsa consequatur Maiores', '2018-08-24 14:54:32'),
	(775, 75, 'departureDate', '15-Jul-2000', '2018-08-24 14:54:32'),
	(776, 75, 'returnDarte', 'Id et voluptas tempora veniam at dolor assumenda qui sit sed nisi maiores ratione ut facilis asperiores ut animi deserunt', '2018-08-24 14:54:32'),
	(777, 75, 'message', 'Ullam animi voluptate nisi inventore non temporibus vel laboris qui non laboriosam laudantium et corrupti harum delectus non eveniet qui', '2018-08-24 14:54:32'),
	(778, 75, 'know', 'Google', '2018-08-24 14:54:32'),
	(779, 76, 'name_1', 'Olga May', '2018-08-24 14:54:32'),
	(780, 76, 'dob_1', 'Nulla laboris dolor inventore dolore rerum non in quaerat qui ut ducimus voluptas veniam sequi quod sed', '2018-08-24 14:54:32'),
	(781, 76, 'email', 'xuzuqo@mailinator.net', '2018-08-24 14:54:32'),
	(782, 76, 'phone', '+747-59-7714704', '2018-08-24 14:54:32'),
	(783, 76, 'departureCity', 'Rerum fuga Aute tenetur voluptatem commodi autem qui reiciendis et vel non porro blanditiis ut dolor', '2018-08-24 14:54:32'),
	(784, 76, 'departureDate', '09-Dec-1977', '2018-08-24 14:54:32'),
	(785, 76, 'pickUp', 'Dolores mollit natus fugiat iure anim', '2018-08-24 14:54:32'),
	(786, 76, 'destinationCity', 'Iusto sunt rerum et deserunt iste cumque aliquid earum nisi dolorem sint laborum et eos qui aut aspernatur facilis est', '2018-08-24 14:54:32'),
	(787, 76, 'returnDarte', 'Et consequuntur mollit duis eaque possimus cillum sed nihil labore aspernatur eius', '2018-08-24 14:54:32'),
	(788, 76, 'returnTime', 'Est est pariatur Similique ex eaque inventore saepe dicta corrupti amet enim ut consequat Voluptatem quia', '2018-08-24 14:54:32'),
	(789, 76, 'message', 'Reprehenderit voluptates quis odio reprehenderit alias qui eos doloremque', '2018-08-24 14:54:32'),
	(790, 76, 'know', 'Outros', '2018-08-24 14:54:32'),
	(791, 77, 'name_1', 'Forrest Trevino', '2018-08-24 14:54:32'),
	(792, 77, 'surname_1', 'Petersen', '2018-08-24 14:54:32'),
	(793, 77, 'dob_1', 'Cum tenetur commodo blanditiis repellendus Non adipisci quae eum do unde ratione', '2018-08-24 14:54:32'),
	(794, 77, 'email', 'jetijoruc@mailinator.com', '2018-08-24 14:54:32'),
	(795, 77, 'phone', '+637-18-1157344', '2018-08-24 14:54:32'),
	(796, 77, 'adults', '6', '2018-08-24 14:54:32'),
	(797, 77, 'kids', '6', '2018-08-24 14:54:32'),
	(798, 77, 'month', 'Dezembro 2018', '2018-08-24 14:54:32'),
	(799, 77, 'cruiseOperator', 'Costa Cruzeiros', '2018-08-24 14:54:32'),
	(800, 77, 'departureCity', 'Recife', '2018-08-24 14:54:32'),
	(801, 77, 'message', 'Minim fuga Id omnis aut quam voluptatem Dolorum qui architecto hic illum non beatae placeat ipsum nisi sint doloremque est', '2018-08-24 14:54:32'),
	(802, 77, 'know', 'Instagram', '2018-08-24 14:54:32'),
	(803, 78, 'name_1', 'Portia Boone', '2018-08-24 14:54:32'),
	(804, 78, 'surname_1', 'Ingram', '2018-08-24 14:54:32'),
	(805, 78, 'dob_1', 'Eos aliquip neque incidunt consequatur deleniti', '2018-08-24 14:54:32'),
	(806, 78, 'email', 'mefazy@mailinator.com', '2018-08-24 14:54:32'),
	(807, 78, 'phone', '+188-96-7898097', '2018-08-24 14:54:32'),
	(808, 78, 'adults', '3', '2018-08-24 14:54:32'),
	(809, 78, 'kids', '1', '2018-08-24 14:54:32'),
	(810, 78, 'month', 'Agosto 2018', '2018-08-24 14:54:32'),
	(811, 78, 'cruiseOperator', 'Pullmantur', '2018-08-24 14:54:32'),
	(812, 78, 'departureCity', 'Rio de Janeiro', '2018-08-24 14:54:32'),
	(813, 78, 'message', 'Vitae exercitationem ipsa veniam sed', '2018-08-24 14:54:32'),
	(814, 78, 'know', 'Revistas', '2018-08-24 14:54:32'),
	(815, 79, 'name_1', 'Kane King', '2018-08-24 14:54:32'),
	(816, 79, 'surname_1', 'Caldwell', '2018-08-24 14:54:32'),
	(817, 79, 'dob_1', 'Labore aspernatur distinctio Dolores id animi enim', '2018-08-24 14:54:32'),
	(818, 79, 'email', 'qucila@mailinator.com', '2018-08-24 14:54:32'),
	(819, 79, 'phone', '+133-56-6958243', '2018-08-24 14:54:32'),
	(820, 79, 'checkInDate', '18-Aug-2003', '2018-08-24 14:54:32'),
	(821, 79, 'checkOutDate', '19-May-2012', '2018-08-24 14:54:32'),
	(822, 79, 'destinationCity', 'Culpa accusantium ex eligendi nostrud et nihil sit occaecat dolor repudiandae est quas dolor ratione nihil labore commodo', '2018-08-24 14:54:32'),
	(823, 79, 'rooms', '10', '2018-08-24 14:54:32'),
	(824, 79, 'message', 'Repellendus Elit sed in dolore deserunt qui accusamus mollitia debitis quia quos ut modi sit sit molestias ut saepe', '2018-08-24 14:54:32'),
	(825, 79, 'know', 'Instagram', '2018-08-24 14:54:32'),
	(826, 80, 'name_1', 'Acton Figueroa', '2018-08-24 14:54:32'),
	(827, 80, 'surname_1', 'Dominguez', '2018-08-24 14:54:32'),
	(828, 80, 'dob_1', 'Non sunt consequatur voluptas iusto quo ipsum ullam minim enim quia saepe quod est quo', '2018-08-24 14:54:32'),
	(829, 80, 'email', 'zugyk@mailinator.com', '2018-08-24 14:54:32'),
	(830, 80, 'phone', '+457-98-9265667', '2018-08-24 14:54:32'),
	(831, 80, 'checkInDate', '06-Dec-1981', '2018-08-24 14:54:32'),
	(832, 80, 'checkOutDate', '12-Apr-2010', '2018-08-24 14:54:32'),
	(833, 80, 'destinationCity', 'Quis occaecat reprehenderit culpa deserunt', '2018-08-24 14:54:32'),
	(834, 80, 'rooms', '12', '2018-08-24 14:54:32'),
	(835, 80, 'message', 'Debitis minim inventore quos sed', '2018-08-24 14:54:32'),
	(836, 80, 'know', 'Google', '2018-08-24 14:54:32'),
	(837, 81, 'name_1', 'Bianca Reyes', '2018-08-24 14:54:32'),
	(838, 81, 'dob_1', 'Modi amet labore eu error voluptas corporis vero ut', '2018-08-24 14:54:32'),
	(839, 81, 'email', 'tywy@mailinator.com', '2018-08-24 14:54:32'),
	(840, 81, 'phone', '+126-32-9995952', '2018-08-24 14:54:32'),
	(841, 81, 'destinationCity', 'Ex ea voluptatem Aperiam in laborum Lorem fugiat', '2018-08-24 14:54:32'),
	(842, 81, 'departureDate', '17-Jan-2013', '2018-08-24 14:54:32'),
	(843, 81, 'returnDarte', 'Nobis veniam sunt excepturi velit', '2018-08-24 14:54:32'),
	(844, 81, 'message', 'Eaque sint laborum Sit magna aliqua Culpa aliquam iure', '2018-08-24 14:54:32'),
	(845, 81, 'know', 'Outros', '2018-08-24 14:54:32'),
	(846, 82, 'name_1', 'Oliver Hendricks', '2018-08-24 14:54:32'),
	(847, 82, 'surname_1', 'Acevedo', '2018-08-24 14:54:32'),
	(848, 82, 'dob_1', 'Quo nobis possimus irure magnam', '2018-08-24 14:54:32'),
	(849, 82, 'email', 'kojo@mailinator.net', '2018-08-24 14:54:32'),
	(850, 82, 'phone', '+772-33-1706308', '2018-08-24 14:54:32'),
	(851, 82, 'destinationCity', 'Est quo animi expedita dolorem eos quasi cillum dignissimos saepe consequatur Tenetur et dolor aliquip facere aliquam dolores', '2018-08-24 14:54:32'),
	(852, 82, 'departureDate', '23-Mar-1971', '2018-08-24 14:54:32'),
	(853, 82, 'returnDarte', 'In tempore qui cillum voluptatem officia', '2018-08-24 14:54:32'),
	(854, 82, 'message', 'Ea enim consectetur inventore veniam voluptatem', '2018-08-24 14:54:32'),
	(855, 82, 'travelinsurance', 'travelinsurance', '2018-08-24 14:54:32'),
	(856, 82, 'transfer', 'tranfer', '2018-08-24 14:54:32'),
	(857, 82, 'know', 'Panrotas', '2018-08-24 14:54:32'),
	(858, 83, 'name_1', 'Sylvester Young', '2018-08-24 14:54:32'),
	(859, 83, 'surname_1', 'Walters', '2018-08-24 14:54:32'),
	(860, 83, 'dob_1', 'Omnis tenetur libero sequi Nam voluptatem obcaecati voluptatem sequi lorem omnis ea dolore aliqua Sint temporibus', '2018-08-24 14:54:32'),
	(861, 83, 'email', 'ruce@mailinator.com', '2018-08-24 14:54:32'),
	(862, 83, 'phone', '+927-36-9014025', '2018-08-24 14:54:32'),
	(863, 83, 'destinationCity', 'Molestias laudantium enim sed sequi veniam fuga', '2018-08-24 14:54:32'),
	(864, 83, 'departureDate', '23-Jan-2006', '2018-08-24 14:54:32'),
	(865, 83, 'returnDarte', 'Quis occaecat qui magni nihil et omnis consectetur libero tenetur molestias eaque laboriosam maxime inventore officia quod sequi dignissimos officiis', '2018-08-24 14:54:32'),
	(866, 83, 'message', 'Tenetur quod perferendis velit natus enim enim assumenda beatae', '2018-08-24 14:54:32'),
	(867, 83, 'travelinsurance', 'travelinsurance', '2018-08-24 14:54:32'),
	(868, 83, 'transfer', 'tranfer', '2018-08-24 14:54:32'),
	(869, 83, 'know', 'Panrotas', '2018-08-24 14:54:32'),
	(870, 84, 'name_1', 'Trevor Black', '2018-08-30 07:45:07'),
	(871, 84, 'surname_1', 'Shaw', '2018-08-30 07:45:07'),
	(872, 84, 'dob_1', 'Minus officia sunt est facere voluptates perferendis magna voluptas dolores maiores', '2018-08-30 07:45:07'),
	(873, 84, 'email', 'rabidinik@mailinator.com', '2018-08-30 07:45:07'),
	(874, 84, 'phone', '+546-84-6822884', '2018-08-30 07:45:07'),
	(875, 84, 'departureCity', 'Voluptatibus ipsum facilis dolores quos laboris odio sit quasi voluptatem Magni quis consequat Tempor ullam quam doloremque laboris minima sint', '2018-08-30 07:45:07'),
	(876, 84, 'destinationCity', 'Qui irure libero ullam et est eveniet architecto exercitationem neque tempore', '2018-08-30 07:45:07'),
	(877, 84, 'departureDate', '19-Oct-1996', '2018-08-30 07:45:07'),
	(878, 84, 'returnDarte', 'Quibusdam quam et nostrud eum tempora laboriosam ducimus alias ex', '2018-08-30 07:45:07'),
	(879, 84, 'message', 'Similique rerum exercitation in dolorem reiciendis dolor dolor sunt debitis dicta delectus', '2018-08-30 07:45:07'),
	(880, 84, 'know', 'Instagram', '2018-08-30 07:45:07'),
	(881, 85, 'name_1', 'Trevor Black', '2018-08-30 08:08:22'),
	(882, 85, 'surname_1', 'Shaw', '2018-08-30 08:08:22'),
	(883, 85, 'dob_1', 'Minus officia sunt est facere voluptates perferendis magna voluptas dolores maiores', '2018-08-30 08:08:22'),
	(884, 85, 'email', 'rabidinik@mailinator.com', '2018-08-30 08:08:22'),
	(885, 85, 'phone', '+546-84-6822884', '2018-08-30 08:08:22'),
	(886, 85, 'departureCity', 'Voluptatibus ipsum facilis dolores quos laboris odio sit quasi voluptatem Magni quis consequat Tempor ullam quam doloremque laboris minima sint', '2018-08-30 08:08:22'),
	(887, 85, 'destinationCity', 'Qui irure libero ullam et est eveniet architecto exercitationem neque tempore', '2018-08-30 08:08:22'),
	(888, 85, 'departureDate', '19-Oct-1996', '2018-08-30 08:08:22'),
	(889, 85, 'returnDarte', 'Quibusdam quam et nostrud eum tempora laboriosam ducimus alias ex', '2018-08-30 08:08:22'),
	(890, 85, 'message', 'Similique rerum exercitation in dolorem reiciendis dolor dolor sunt debitis dicta delectus', '2018-08-30 08:08:22'),
	(891, 85, 'know', 'Instagram', '2018-08-30 08:08:22'),
	(892, 86, 'name_1', 'Gabriel', '2018-08-30 15:33:26'),
	(893, 86, 'surname_1', 'Oliveira', '2018-08-30 15:33:26'),
	(894, 86, 'dob_1', '21/02/1988', '2018-08-30 15:33:26'),
	(895, 86, 'email', 'ras.vibpositive@gmail.com', '2018-08-30 15:33:26'),
	(896, 86, 'phone', '8888888888', '2018-08-30 15:33:26'),
	(897, 86, 'departureCity', 'Dublin', '2018-08-30 15:33:26'),
	(898, 86, 'destinationCity', 'Piracicaba', '2018-08-30 15:33:26'),
	(899, 86, 'departureDate', '03/09/2018', '2018-08-30 15:33:26'),
	(900, 86, 'returnDarte', '06/08/2018', '2018-08-30 15:33:26'),
	(901, 86, 'message', 'essa e a mensagem', '2018-08-30 15:33:26'),
	(902, 86, 'know', 'Panrotas', '2018-08-30 15:33:26'),
	(903, 87, 'name_1', 'Jared Henson', '2018-09-24 08:25:21'),
	(904, 87, 'surname_1', 'Payne', '2018-09-24 08:25:21'),
	(905, 87, 'dob_1', 'Autem dolor doloribus ex mollit', '2018-09-24 08:25:21'),
	(906, 87, 'email', 'gexy@mailinator.com', '2018-09-24 08:25:21'),
	(907, 87, 'phone', '+292-53-2446970', '2018-09-24 08:25:21'),
	(908, 87, 'adults', '15', '2018-09-24 08:25:21'),
	(909, 87, 'kids', '3', '2018-09-24 08:25:21'),
	(910, 87, 'month', 'Janeiro 2018', '2018-09-24 08:25:21'),
	(911, 87, 'cruiseOperator', 'Pullmantur', '2018-09-24 08:25:21'),
	(912, 87, 'departureCity', 'Santos', '2018-09-24 08:25:21'),
	(913, 87, 'message', 'Consequatur sit voluptatem est tempora qui magnam velit doloribus', '2018-09-24 08:25:21'),
	(914, 87, 'know', 'Revistas', '2018-09-24 08:25:21'),
	(915, 88, 'name_1', 'Jared Henson', '2018-09-24 08:25:27'),
	(916, 88, 'surname_1', 'Payne', '2018-09-24 08:25:27'),
	(917, 88, 'dob_1', 'Autem dolor doloribus ex mollit', '2018-09-24 08:25:27'),
	(918, 88, 'email', 'gexy@mailinator.com', '2018-09-24 08:25:27'),
	(919, 88, 'phone', '+292-53-2446970', '2018-09-24 08:25:27'),
	(920, 88, 'adults', '15', '2018-09-24 08:25:27'),
	(921, 88, 'kids', '0', '2018-09-24 08:25:27'),
	(922, 88, 'month', 'Janeiro 2018', '2018-09-24 08:25:27'),
	(923, 88, 'cruiseOperator', 'Pullmantur', '2018-09-24 08:25:27'),
	(924, 88, 'departureCity', 'Santos', '2018-09-24 08:25:27'),
	(925, 88, 'message', 'Consequatur sit voluptatem est tempora qui magnam velit doloribus', '2018-09-24 08:25:27'),
	(926, 88, 'know', 'Revistas', '2018-09-24 08:25:27'),
	(927, 89, 'name_1', 'a', '2018-09-24 09:32:03'),
	(928, 89, 'surname_1', 'a', '2018-09-24 09:32:03'),
	(929, 89, 'dob_1', '24/09/2018', '2018-09-24 09:32:03'),
	(930, 89, 'email', 'a@a.com', '2018-09-24 09:32:03'),
	(931, 89, 'phone', 'a', '2018-09-24 09:32:03'),
	(932, 89, 'adults', '1', '2018-09-24 09:32:03'),
	(933, 89, 'kids', '0', '2018-09-24 09:32:03'),
	(934, 89, 'month', 'Maio 2019', '2018-09-24 09:32:03'),
	(935, 89, 'departureCity', 'Rio de Janeiro', '2018-09-24 09:32:03'),
	(936, 89, 'message', 'teste', '2018-09-24 09:32:03'),
	(937, 89, 'know', 'Instagram', '2018-09-24 09:32:03'),
	(938, 90, 'name_1', 'a', '2018-09-24 09:35:19'),
	(939, 90, 'surname_1', 'a', '2018-09-24 09:35:19'),
	(940, 90, 'dob_1', '24/09/2018', '2018-09-24 09:35:19'),
	(941, 90, 'email', 'a@a.com', '2018-09-24 09:35:19'),
	(942, 90, 'phone', 'a', '2018-09-24 09:35:19'),
	(943, 90, 'adults', '1', '2018-09-24 09:35:19'),
	(944, 90, 'kids', '0', '2018-09-24 09:35:19'),
	(945, 90, 'month', 'Maio 2019', '2018-09-24 09:35:19'),
	(946, 90, 'departureCity', 'Rio de Janeiro', '2018-09-24 09:35:19'),
	(947, 90, 'message', 'teste', '2018-09-24 09:35:19'),
	(948, 90, 'know', 'Instagram', '2018-09-24 09:35:19'),
	(949, 91, 'name_1', 'a', '2018-09-24 09:35:27'),
	(950, 91, 'surname_1', 'a', '2018-09-24 09:35:27'),
	(951, 91, 'dob_1', '24/09/2018', '2018-09-24 09:35:27'),
	(952, 91, 'email', 'a@a.com', '2018-09-24 09:35:27'),
	(953, 91, 'phone', 'a', '2018-09-24 09:35:27'),
	(954, 91, 'adults', '1', '2018-09-24 09:35:27'),
	(955, 91, 'kids', '1', '2018-09-24 09:35:27'),
	(956, 91, 'month', 'Maio 2019', '2018-09-24 09:35:27'),
	(957, 91, 'departureCity', 'Rio de Janeiro', '2018-09-24 09:35:27'),
	(958, 91, 'message', 'teste', '2018-09-24 09:35:27'),
	(959, 91, 'know', 'Instagram', '2018-09-24 09:35:27');
/*!40000 ALTER TABLE `quote_field` ENABLE KEYS */;

-- Dumping structure for table letsfly.quote_type
DROP TABLE IF EXISTS `quote_type`;
CREATE TABLE IF NOT EXISTS `quote_type` (
  `id` int(11) NOT NULL AUTO_INCREMENT,
  `name` varchar(100) NOT NULL,
  `created_at` timestamp NOT NULL DEFAULT CURRENT_TIMESTAMP,
  PRIMARY KEY (`id`),
  UNIQUE KEY `id` (`id`),
  UNIQUE KEY `name` (`name`)
) ENGINE=InnoDB AUTO_INCREMENT=7 DEFAULT CHARSET=latin1;

-- Dumping data for table letsfly.quote_type: ~6 rows (approximately)
DELETE FROM `quote_type`;
/*!40000 ALTER TABLE `quote_type` DISABLE KEYS */;
INSERT INTO `quote_type` (`id`, `name`, `created_at`) VALUES
	(1, 'flight', '2018-08-24 14:55:31'),
	(2, 'cruise', '2018-08-24 14:55:31'),
	(3, 'hotel', '2018-08-24 14:55:31'),
	(4, 'carrental', '2018-08-24 14:55:31'),
	(5, 'travelinsurance', '2018-08-24 14:55:31'),
	(6, 'travelpackage', '2018-08-24 14:55:31');
/*!40000 ALTER TABLE `quote_type` ENABLE KEYS */;

-- Dumping structure for table letsfly.typer
DROP TABLE IF EXISTS `typer`;
CREATE TABLE IF NOT EXISTS `typer` (
  `id` int(10) unsigned NOT NULL AUTO_INCREMENT,
  `value` varchar(255) NOT NULL,
  `created_at` timestamp NOT NULL DEFAULT CURRENT_TIMESTAMP,
  PRIMARY KEY (`id`),
  UNIQUE KEY `id_UNIQUE` (`id`)
) ENGINE=InnoDB AUTO_INCREMENT=20 DEFAULT CHARSET=latin1;

-- Dumping data for table letsfly.typer: ~8 rows (approximately)
DELETE FROM `typer`;
/*!40000 ALTER TABLE `typer` DISABLE KEYS */;
INSERT INTO `typer` (`id`, `value`, `created_at`) VALUES
	(1, 'Viajar é preciso', '2018-08-24 16:10:39'),
	(2, 'Preços acessíveis', '2018-08-24 16:11:22'),
	(3, 'Sempre ao seu lado', '2018-08-24 16:12:07'),
	(4, 'A melhor experiência', '2018-08-24 16:12:08'),
	(5, 'Férias de verão com a Let\'s Fly', '2018-08-24 16:12:08'),
	(16, 'Lets fly eh dahora', '2018-08-27 17:55:38'),
	(18, 'Ae', '2018-08-27 18:20:45'),
	(19, 'ae', '2018-08-27 18:27:15');
/*!40000 ALTER TABLE `typer` ENABLE KEYS */;

-- Dumping structure for table letsfly.user
DROP TABLE IF EXISTS `user`;
CREATE TABLE IF NOT EXISTS `user` (
  `id` int(11) NOT NULL AUTO_INCREMENT,
  `username` varchar(255) NOT NULL,
  `password` varchar(255) NOT NULL,
  `email` varchar(255) NOT NULL,
  `newsletter` tinyint(1) unsigned DEFAULT '0',
  `created_at` timestamp NOT NULL DEFAULT CURRENT_TIMESTAMP,
  `lastacessed_at` timestamp NOT NULL DEFAULT CURRENT_TIMESTAMP ON UPDATE CURRENT_TIMESTAMP,
  PRIMARY KEY (`id`),
  UNIQUE KEY `id` (`id`),
  UNIQUE KEY `username` (`username`),
  UNIQUE KEY `email` (`email`)
) ENGINE=InnoDB AUTO_INCREMENT=54 DEFAULT CHARSET=latin1;

-- Dumping data for table letsfly.user: ~43 rows (approximately)
DELETE FROM `user`;
/*!40000 ALTER TABLE `user` DISABLE KEYS */;
INSERT INTO `user` (`id`, `username`, `password`, `email`, `newsletter`, `created_at`, `lastacessed_at`) VALUES
	(1, 'asdsadasd@asdkjasd.com', '', 'asdsadasd@asdkjasd.com', 0, '2018-08-24 15:02:09', '2018-08-24 15:02:09'),
	(2, 'Gabriel', '', 'gabriel@gabriel.gabriel', 0, '2018-08-24 15:02:09', '2018-08-24 15:02:09'),
	(3, 'william@letsflyviagens.com.br', '', 'william@letsflyviagens.com.br', 0, '2018-08-24 15:02:09', '2018-08-24 15:02:09'),
	(4, 'ras.vibpositive@gmail.com', '12345678910', 'ras.vibpositive@gmail.com', 1, '2018-08-24 15:02:09', '2018-08-24 15:02:09'),
	(5, 'aaaaaaaaaaaaaaaaaaaaaa@aaa.com', '', 'aaaaaaaaaaaaaaaaaaaaaa@aaa.com', 0, '2018-08-24 15:02:09', '2018-08-24 15:02:09'),
	(6, 'f@g.com', '', 'f@g.com', 0, '2018-08-24 15:02:09', '2018-08-24 15:02:09'),
	(7, 'nupu@mailinator.net', '', 'nupu@mailinator.net', 0, '2018-08-24 15:02:09', '2018-08-24 15:02:09'),
	(8, 'zifyr@mailinator.com', '', 'zifyr@mailinator.com', 0, '2018-08-24 15:02:09', '2018-08-24 15:02:09'),
	(9, 'dilola@mailinator.com', '', 'dilola@mailinator.com', 0, '2018-08-24 15:02:09', '2018-08-24 15:02:09'),
	(10, 'jaqe@mailinator.com', '', 'jaqe@mailinator.com', 0, '2018-08-24 15:02:09', '2018-08-24 15:02:09'),
	(11, 'tuholerule@mailinator.com', '', 'tuholerule@mailinator.com', 0, '2018-08-24 15:02:09', '2018-08-24 15:02:09'),
	(12, 'vedabeqylo@mailinator.net', '', 'vedabeqylo@mailinator.net', 0, '2018-08-24 15:02:09', '2018-08-24 15:02:09'),
	(13, 'jezazume@mailinator.com', '', 'jezazume@mailinator.com', 0, '2018-08-24 15:02:09', '2018-08-24 15:02:09'),
	(14, 'nigimi@mailinator.com', '', 'nigimi@mailinator.com', 0, '2018-08-24 15:02:09', '2018-08-24 15:02:09'),
	(15, 'sekic@mailinator.com', '', 'sekic@mailinator.com', 0, '2018-08-24 15:02:09', '2018-08-24 15:02:09'),
	(16, 'jorucyzo@mailinator.com', '', 'jorucyzo@mailinator.com', 0, '2018-08-24 15:02:09', '2018-08-24 15:02:09'),
	(17, 'tumiqedi@mailinator.net', '', 'tumiqedi@mailinator.net', 0, '2018-08-24 15:02:09', '2018-08-24 15:02:09'),
	(18, 'higek@mailinator.net', '', 'higek@mailinator.net', 0, '2018-08-24 15:02:09', '2018-08-24 15:02:09'),
	(19, 'fudifiq@mailinator.com', '', 'fudifiq@mailinator.com', 0, '2018-08-24 15:02:09', '2018-08-24 15:02:09'),
	(20, 'fenuludo@mailinator.net', '', 'fenuludo@mailinator.net', 0, '2018-08-24 15:02:09', '2018-08-24 15:02:09'),
	(21, 'veroca@mailinator.net', '', 'veroca@mailinator.net', 0, '2018-08-24 15:02:09', '2018-08-24 15:02:09'),
	(22, 'banixerosa@mailinator.net', '', 'banixerosa@mailinator.net', 0, '2018-08-24 15:02:09', '2018-08-24 15:02:09'),
	(23, 'Ribeiro@Ribeiro-com', '', 'Ribeiro@Ribeiro-com', 0, '2018-08-24 15:02:09', '2018-08-24 15:02:09'),
	(24, 'joao@pe.com', '', 'joao@pe.com', 0, '2018-08-24 15:02:09', '2018-08-24 15:02:09'),
	(25, 'hucohime@mailinator.net', '', 'hucohime@mailinator.net', 0, '2018-08-24 15:02:09', '2018-08-24 15:02:09'),
	(26, 'fujiloc@mailinator.net', '', 'fujiloc@mailinator.net', 0, '2018-08-24 15:02:09', '2018-08-24 15:02:09'),
	(27, 'cyvylujado@mailinator.net', '', 'cyvylujado@mailinator.net', 0, '2018-08-24 15:02:09', '2018-08-24 15:02:09'),
	(28, 'vakus@mailinator.com', '', 'vakus@mailinator.com', 0, '2018-08-24 15:02:09', '2018-08-24 15:02:09'),
	(29, 'lybohydo@mailinator.net', '', 'lybohydo@mailinator.net', 0, '2018-08-24 15:02:09', '2018-08-24 15:02:09'),
	(30, 'deqalacuto@mailinator.com', '', 'deqalacuto@mailinator.com', 0, '2018-08-24 15:02:09', '2018-08-24 15:02:09'),
	(31, 'xuzuqo@mailinator.net', '', 'xuzuqo@mailinator.net', 0, '2018-08-24 15:02:09', '2018-08-24 15:02:09'),
	(32, 'jetijoruc@mailinator.com', '', 'jetijoruc@mailinator.com', 0, '2018-08-24 15:02:09', '2018-08-24 15:02:09'),
	(33, 'mefazy@mailinator.com', '', 'mefazy@mailinator.com', 0, '2018-08-24 15:02:09', '2018-08-24 15:02:09'),
	(34, 'qucila@mailinator.com', '', 'qucila@mailinator.com', 0, '2018-08-24 15:02:09', '2018-08-24 15:02:09'),
	(35, 'zugyk@mailinator.com', '', 'zugyk@mailinator.com', 0, '2018-08-24 15:02:09', '2018-08-24 15:02:09'),
	(36, 'tywy@mailinator.com', '', 'tywy@mailinator.com', 0, '2018-08-24 15:02:09', '2018-08-24 15:02:09'),
	(37, 'kojo@mailinator.net', '', 'kojo@mailinator.net', 0, '2018-08-24 15:02:09', '2018-08-24 15:02:09'),
	(38, 'ruce@mailinator.com', '', 'ruce@mailinator.com', 0, '2018-08-24 15:02:09', '2018-08-24 15:02:09'),
	(39, 'xege@mailinator.net', '', 'xege@mailinator.net', 0, '2018-08-24 15:02:09', '2018-08-24 15:02:09'),
	(40, 'rojenir@mailinator.com', '', 'rojenir@mailinator.com', 0, '2018-08-24 15:02:09', '2018-08-24 15:02:09'),
	(41, 'nujutis@mailinator.net', '', 'nujutis@mailinator.net', 0, '2018-08-24 15:02:09', '2018-08-24 15:02:09'),
	(50, 'Gabriel2', '12345678910', 'gabriel@gabriel.com', 0, '2018-08-24 15:02:09', '2018-08-24 15:02:09'),
	(51, 'rabidinik@mailinator.com', '', 'rabidinik@mailinator.com', 0, '2018-08-30 07:45:07', '2018-08-30 07:45:07'),
	(52, 'gexy@mailinator.com', '', 'gexy@mailinator.com', 0, '2018-09-24 08:25:21', '2018-09-24 08:25:21'),
	(53, 'a@a.com', '', 'a@a.com', 0, '2018-09-24 09:32:03', '2018-09-24 09:32:03');
/*!40000 ALTER TABLE `user` ENABLE KEYS */;

/*!40101 SET SQL_MODE=IFNULL(@OLD_SQL_MODE, '') */;
/*!40014 SET FOREIGN_KEY_CHECKS=IF(@OLD_FOREIGN_KEY_CHECKS IS NULL, 1, @OLD_FOREIGN_KEY_CHECKS) */;
/*!40101 SET CHARACTER_SET_CLIENT=@OLD_CHARACTER_SET_CLIENT */;
